Wavelength,Normalized Flux,Relative Uncertainty
[m],Shirley F1 Case Approx,
1.00E-07,0.999807015,0.1
1.01E-07,0.999805679,0.1
1.01E-07,0.999804329,0.1
1.02E-07,0.999802974,0.1
1.03E-07,0.999801607,0.1
1.04E-07,0.99980023,0.1
1.04E-07,0.99979884,0.1
1.05E-07,0.999797449,0.1
1.06E-07,0.999796043,0.1
1.06E-07,0.999794624,0.1
1.07E-07,0.999793207,0.1
1.08E-07,0.999791768,0.1
1.09E-07,0.999790321,0.1
1.09E-07,0.999788863,0.1
1.10E-07,0.999787403,0.1
1.11E-07,0.999785926,0.1
1.12E-07,0.999784442,0.1
1.12E-07,0.999782949,0.1
1.13E-07,0.999781439,0.1
1.14E-07,0.999779922,0.1
1.15E-07,0.999778394,0.1
1.16E-07,0.999776857,0.1
1.16E-07,0.99977531,0.1
1.17E-07,0.999773751,0.1
1.18E-07,0.999772185,0.1
1.19E-07,0.9997706,0.1
1.20E-07,0.999769007,0.1
1.21E-07,0.999767399,0.1
1.21E-07,0.999765786,0.1
1.22E-07,0.999764158,0.1
1.23E-07,0.999762532,0.1
1.24E-07,0.999760887,0.1
1.25E-07,0.999759225,0.1
1.26E-07,0.999757551,0.1
1.27E-07,0.999755865,0.1
1.27E-07,0.999754177,0.1
1.28E-07,0.999752472,0.1
1.29E-07,0.999750755,0.1
1.30E-07,0.999749024,0.1
1.31E-07,0.999747276,0.1
1.32E-07,0.999745526,0.1
1.33E-07,0.999743761,0.1
1.34E-07,0.999741988,0.1
1.35E-07,0.999740199,0.1
1.36E-07,0.99973839,0.1
1.37E-07,0.999736577,0.1
1.37E-07,0.999734745,0.1
1.38E-07,0.999732909,0.1
1.39E-07,0.999731059,0.1
1.40E-07,0.999729198,0.1
1.41E-07,0.999727306,0.1
1.42E-07,0.999725423,0.1
1.43E-07,0.999723508,0.1
1.44E-07,0.999721593,0.1
1.45E-07,0.99971966,0.1
1.46E-07,0.999717709,0.1
1.47E-07,0.999715749,0.1
1.48E-07,0.999713791,0.1
1.49E-07,0.999711797,0.1
1.50E-07,0.999709809,0.1
1.51E-07,0.999707784,0.1
1.52E-07,0.999705761,0.1
1.54E-07,0.999703715,0.1
1.55E-07,0.999701665,0.1
1.56E-07,0.999699591,0.1
1.57E-07,0.999697513,0.1
1.58E-07,0.999695409,0.1
1.59E-07,0.999693301,0.1
1.60E-07,0.999691162,0.1
1.61E-07,0.999689025,0.1
1.62E-07,0.999686868,0.1
1.63E-07,0.99968469,0.1
1.65E-07,0.999682511,0.1
1.66E-07,0.999680302,0.1
1.67E-07,0.999678085,0.1
1.68E-07,0.999675853,0.1
1.69E-07,0.999673616,0.1
1.70E-07,0.999671347,0.1
1.71E-07,0.999669058,0.1
1.73E-07,0.999666761,0.1
1.74E-07,0.999664449,0.1
1.75E-07,0.999662117,0.1
1.76E-07,0.999659772,0.1
1.78E-07,0.999657418,0.1
1.79E-07,0.999655034,0.1
1.80E-07,0.999652634,0.1
1.81E-07,0.999650238,0.1
1.82E-07,0.999647819,0.1
1.84E-07,0.999645376,0.1
1.85E-07,0.9996429,0.1
1.86E-07,0.999640436,0.1
1.88E-07,0.999637931,0.1
1.89E-07,0.999635431,0.1
1.90E-07,0.999632887,0.1
1.92E-07,0.999630342,0.1
1.93E-07,0.999627789,0.1
1.94E-07,0.999625189,0.1
1.96E-07,0.999622602,0.1
1.97E-07,0.999619992,0.1
1.98E-07,0.999617331,0.1
2.00E-07,0.999614691,0.1
2.01E-07,0.999612007,0.1
2.02E-07,0.999609313,0.1
2.04E-07,0.999606603,0.1
2.05E-07,0.999603871,0.1
2.07E-07,0.999601126,0.1
2.08E-07,0.999598371,0.1
2.10E-07,0.999595591,0.1
2.11E-07,0.99959279,0.1
2.12E-07,0.999589935,0.1
2.14E-07,0.999587102,0.1
2.15E-07,0.999584222,0.1
2.17E-07,0.999581346,0.1
2.18E-07,0.999578436,0.1
2.20E-07,0.999575509,0.1
2.21E-07,0.999572575,0.1
2.23E-07,0.999569616,0.1
2.25E-07,0.999566626,0.1
2.26E-07,0.999563613,0.1
2.28E-07,0.99956058,0.1
2.29E-07,0.999557527,0.1
2.31E-07,0.999554452,0.1
2.32E-07,0.999551357,0.1
2.34E-07,0.999548252,0.1
2.36E-07,0.999545127,0.1
2.37E-07,0.999541969,0.1
2.39E-07,0.999538791,0.1
2.41E-07,0.999535609,0.1
2.42E-07,0.999532373,0.1
2.44E-07,0.999529103,0.1
2.46E-07,0.99952586,0.1
2.47E-07,0.999522569,0.1
2.49E-07,0.999519221,0.1
2.51E-07,0.999515919,0.1
2.53E-07,0.999512549,0.1
2.54E-07,0.999509184,0.1
2.56E-07,0.999505793,0.1
2.58E-07,0.999502316,0.1
2.60E-07,0.999498902,0.1
2.61E-07,0.999495401,0.1
2.63E-07,0.999491905,0.1
2.65E-07,0.999488393,0.1
2.67E-07,0.999484824,0.1
2.69E-07,0.999481259,0.1
2.71E-07,0.999477662,0.1
2.73E-07,0.99947404,0.1
2.74E-07,0.99947036,0.1
2.76E-07,0.999466702,0.1
2.78E-07,0.999463019,0.1
2.80E-07,0.999459282,0.1
2.82E-07,0.99945553,0.1
2.84E-07,0.999451749,0.1
2.86E-07,0.999447957,0.1
2.88E-07,0.999444125,0.1
2.90E-07,0.999440299,0.1
2.92E-07,0.999436401,0.1
2.94E-07,0.999432472,0.1
2.96E-07,0.999428537,0.1
2.98E-07,0.999424565,0.1
3.00E-07,0.999420559,0.1
3.02E-07,0.999416549,0.1
3.04E-07,0.999412502,0.1
3.07E-07,0.999408461,0.1
3.09E-07,0.999404308,0.1
3.11E-07,0.999400186,0.1
3.13E-07,0.999396066,0.1
3.15E-07,0.999391838,0.1
3.17E-07,0.999387634,0.1
3.20E-07,0.999383369,0.1
3.22E-07,0.999379121,0.1
3.24E-07,0.999374772,0.1
3.26E-07,0.999370414,0.1
3.28E-07,0.999366057,0.1
3.31E-07,0.999361667,0.1
3.33E-07,0.999357239,0.1
3.35E-07,0.999352784,0.1
3.38E-07,0.999348278,0.1
3.40E-07,0.999343751,0.1
3.42E-07,0.999339226,0.1
3.45E-07,0.999334663,0.1
3.47E-07,0.999329996,0.1
3.50E-07,0.999325397,0.1
3.52E-07,0.999320756,0.1
3.54E-07,0.999316048,0.1
3.57E-07,0.999311213,0.1
3.59E-07,0.999306434,0.1
3.62E-07,0.999301639,0.1
3.64E-07,0.99929678,0.1
3.67E-07,0.999291932,0.1
3.69E-07,0.999286993,0.1
3.72E-07,0.999282036,0.1
3.75E-07,0.999277081,0.1
3.77E-07,0.999272044,0.1
3.80E-07,0.99926701,0.1
3.82E-07,0.999261872,0.1
3.85E-07,0.999256803,0.1
3.88E-07,0.999251632,0.1
3.90E-07,0.99924648,0.1
3.93E-07,0.999241217,0.1
3.96E-07,0.999235958,0.1
3.99E-07,0.999230687,0.1
4.01E-07,0.99922532,0.1
4.04E-07,0.999219969,0.1
4.07E-07,0.999214581,0.1
4.10E-07,0.999209091,0.1
4.13E-07,0.999203564,0.1
4.16E-07,0.999198049,0.1
4.18E-07,0.99919252,0.1
4.21E-07,0.999186906,0.1
4.24E-07,0.999181255,0.1
4.27E-07,0.999175622,0.1
4.30E-07,0.99916984,0.1
4.33E-07,0.999164148,0.1
4.36E-07,0.999158337,0.1
4.39E-07,0.999152437,0.1
4.42E-07,0.999146496,0.1
4.45E-07,0.999140636,0.1
4.48E-07,0.999134693,0.1
4.51E-07,0.999128693,0.1
4.55E-07,0.999122644,0.1
4.58E-07,0.999116627,0.1
4.61E-07,0.999110429,0.1
4.64E-07,0.999104319,0.1
4.67E-07,0.99909806,0.1
4.71E-07,0.999091732,0.1
4.74E-07,0.99908545,0.1
4.77E-07,0.999079138,0.1
4.80E-07,0.999072695,0.1
4.84E-07,0.99906629,0.1
4.87E-07,0.999059817,0.1
4.91E-07,0.999053345,0.1
4.94E-07,0.999046539,0.1
4.97E-07,0.999040224,0.1
5.01E-07,0.999033469,0.1
5.04E-07,0.999026743,0.1
5.08E-07,0.999020012,0.1
5.11E-07,0.999013205,0.1
5.15E-07,0.999006304,0.1
5.18E-07,0.998999489,0.1
5.22E-07,0.998992534,0.1
5.26E-07,0.99898553,0.1
5.29E-07,0.998978455,0.1
5.33E-07,0.998971413,0.1
5.37E-07,0.998964328,0.1
5.40E-07,0.99895709,0.1
5.44E-07,0.998949786,0.1
5.48E-07,0.998942594,0.1
5.52E-07,0.998935196,0.1
5.56E-07,0.998927828,0.1
5.59E-07,0.998920415,0.1
5.63E-07,0.998912949,0.1
5.67E-07,0.998905297,0.1
5.71E-07,0.998897757,0.1
5.75E-07,0.998890129,0.1
5.79E-07,0.998882544,0.1
5.83E-07,0.998874583,0.1
5.87E-07,0.998866849,0.1
5.91E-07,0.99885891,0.1
5.95E-07,0.998851171,0.1
5.99E-07,0.998843046,0.1
6.04E-07,0.998835166,0.1
6.08E-07,0.998826989,0.1
6.12E-07,0.998818764,0.1
6.16E-07,0.998810654,0.1
6.21E-07,0.998802334,0.1
6.25E-07,0.99879423,0.1
6.29E-07,0.998785728,0.1
6.34E-07,0.998777275,0.1
6.38E-07,0.998768803,0.1
6.42E-07,0.998760347,0.1
6.47E-07,0.998751706,0.1
6.51E-07,0.998743062,0.1
6.56E-07,0.998734275,0.1
6.60E-07,0.998725503,0.1
6.65E-07,0.998716646,0.1
6.70E-07,0.998707876,0.1
6.74E-07,0.998698729,0.1
6.79E-07,0.998689709,0.1
6.84E-07,0.99868058,0.1
6.88E-07,0.998671358,0.1
6.93E-07,0.998662219,0.1
6.98E-07,0.99865295,0.1
7.03E-07,0.998643607,0.1
7.08E-07,0.998634209,0.1
7.13E-07,0.998624925,0.1
7.18E-07,0.998615396,0.1
7.23E-07,0.998605905,0.1
7.28E-07,0.998596129,0.1
7.33E-07,0.99858633,0.1
7.38E-07,0.998576462,0.1
7.43E-07,0.998566558,0.1
7.48E-07,0.998556592,0.1
7.53E-07,0.99854648,0.1
7.58E-07,0.998536494,0.1
7.64E-07,0.99852631,0.1
7.69E-07,0.998516227,0.1
7.74E-07,0.998505825,0.1
7.80E-07,0.998495483,0.1
7.85E-07,0.998485169,0.1
7.90E-07,0.99847461,0.1
7.96E-07,0.998463898,0.1
8.02E-07,0.998453203,0.1
8.07E-07,0.998442399,0.1
8.13E-07,0.998431615,0.1
8.18E-07,0.998420924,0.1
8.24E-07,0.998410148,0.1
8.30E-07,0.998398926,0.1
8.35E-07,0.998387902,0.1
8.41E-07,0.998376477,0.1
8.47E-07,0.998365139,0.1
8.53E-07,0.998353926,0.1
8.59E-07,0.998342574,0.1
8.65E-07,0.99833121,0.1
8.71E-07,0.998319423,0.1
8.77E-07,0.998307686,0.1
8.83E-07,0.998296096,0.1
8.89E-07,0.998284619,0.1
8.95E-07,0.998272646,0.1
9.01E-07,0.998260295,0.1
9.08E-07,0.998248305,0.1
9.14E-07,0.998236312,0.1
9.20E-07,0.998223794,0.1
9.27E-07,0.998211394,0.1
9.33E-07,0.998199039,0.1
9.40E-07,0.99818631,0.1
9.46E-07,0.998173632,0.1
9.53E-07,0.998161378,0.1
9.59E-07,0.998148626,0.1
9.66E-07,0.998135458,0.1
9.73E-07,0.998122659,0.1
9.79E-07,0.998109794,0.1
9.86E-07,0.998096276,0.1
9.93E-07,0.998083319,0.1
1.00E-06,0.99807026,0.1
1.01E-06,0.998056474,0.1
1.01E-06,0.998043358,0.1
1.02E-06,0.998030028,0.1
1.03E-06,0.998015764,0.1
1.04E-06,0.998002178,0.1
1.04E-06,0.997988679,0.1
1.05E-06,0.997974442,0.1
1.06E-06,0.997960406,0.1
1.06E-06,0.997946202,0.1
1.07E-06,0.997931968,0.1
1.08E-06,0.997917848,0.1
1.09E-06,0.997903111,0.1
1.09E-06,0.997888501,0.1
1.10E-06,0.997874094,0.1
1.11E-06,0.997859355,0.1
1.12E-06,0.997844274,0.1
1.12E-06,0.997829455,0.1
1.13E-06,0.997814749,0.1
1.14E-06,0.997798886,0.1
1.15E-06,0.9977837,0.1
1.16E-06,0.997768744,0.1
1.16E-06,0.997752915,0.1
1.17E-06,0.997737774,0.1
1.18E-06,0.997721777,0.1
1.19E-06,0.997705857,0.1
1.20E-06,0.997690169,0.1
1.21E-06,0.997674051,0.1
1.21E-06,0.997657963,0.1
1.22E-06,0.997641369,0.1
1.23E-06,0.997625599,0.1
1.24E-06,0.997609213,0.1
1.25E-06,0.997592203,0.1
1.26E-06,0.997575489,0.1
1.27E-06,0.997558722,0.1
1.27E-06,0.99754193,0.1
1.28E-06,0.997524429,0.1
1.29E-06,0.997507894,0.1
1.30E-06,0.997490079,0.1
1.31E-06,0.997472656,0.1
1.32E-06,0.997455284,0.1
1.33E-06,0.997437756,0.1
1.34E-06,0.997420573,0.1
1.35E-06,0.997401144,0.1
1.36E-06,0.997384699,0.1
1.37E-06,0.997365089,0.1
1.37E-06,0.997347918,0.1
1.38E-06,0.997328748,0.1
1.39E-06,0.997310282,0.1
1.40E-06,0.997292046,0.1
1.41E-06,0.997272759,0.1
1.42E-06,0.997254427,0.1
1.43E-06,0.997234833,0.1
1.44E-06,0.997216219,0.1
1.45E-06,0.997196517,0.1
1.46E-06,0.997177167,0.1
1.47E-06,0.997157534,0.1
1.48E-06,0.997138278,0.1
1.49E-06,0.997117743,0.1
1.50E-06,0.997098314,0.1
1.51E-06,0.997077457,0.1
1.52E-06,0.997057757,0.1
1.54E-06,0.997037454,0.1
1.55E-06,0.997015914,0.1
1.56E-06,0.996996344,0.1
1.57E-06,0.996975434,0.1
1.58E-06,0.996953821,0.1
1.59E-06,0.996932968,0.1
1.60E-06,0.996911292,0.1
1.61E-06,0.996890832,0.1
1.62E-06,0.996868403,0.1
1.63E-06,0.996847246,0.1
1.65E-06,0.996824245,0.1
1.66E-06,0.996804173,0.1
1.67E-06,0.99678001,0.1
1.68E-06,0.996758887,0.1
1.69E-06,0.996735862,0.1
1.70E-06,0.996713638,0.1
1.71E-06,0.996690666,0.1
1.73E-06,0.996667508,0.1
1.74E-06,0.996643927,0.1
1.75E-06,0.996621357,0.1
1.76E-06,0.996597262,0.1
1.78E-06,0.996574374,0.1
1.79E-06,0.996550066,0.1
1.80E-06,0.996526637,0.1
1.81E-06,0.996502143,0.1
1.82E-06,0.996479014,0.1
1.84E-06,0.996452462,0.1
1.85E-06,0.99643031,0.1
1.86E-06,0.996403848,0.1
1.88E-06,0.996379967,0.1
1.89E-06,0.996353784,0.1
1.90E-06,0.99632846,0.1
1.92E-06,0.996303299,0.1
1.93E-06,0.99627788,0.1
1.94E-06,0.996252132,0.1
1.96E-06,0.99622585,0.1
1.97E-06,0.996199856,0.1
1.98E-06,0.996173079,0.1
2.00E-06,0.996146915,0.1
2.01E-06,0.996120137,0.1
2.02E-06,0.996093034,0.1
2.04E-06,0.996066377,0.1
2.05E-06,0.99603807,0.1
2.07E-06,0.996011911,0.1
2.08E-06,0.995983346,0.1
2.10E-06,0.995955993,0.1
2.11E-06,0.995927793,0.1
2.12E-06,0.995899362,0.1
2.14E-06,0.995870935,0.1
2.15E-06,0.995842297,0.1
2.17E-06,0.995813368,0.1
2.18E-06,0.995784416,0.1
2.20E-06,0.995755167,0.1
2.21E-06,0.995725712,0.1
2.23E-06,0.99569602,0.1
2.25E-06,0.99566621,0.1
2.26E-06,0.995636142,0.1
2.28E-06,0.995605863,0.1
2.29E-06,0.995575324,0.1
2.31E-06,0.995544656,0.1
2.32E-06,0.995513765,0.1
2.34E-06,0.995482606,0.1
2.36E-06,0.995451194,0.1
2.37E-06,0.995419748,0.1
2.39E-06,0.99538796,0.1
2.41E-06,0.995355868,0.1
2.42E-06,0.995323675,0.1
2.44E-06,0.995291245,0.1
2.46E-06,0.995258631,0.1
2.47E-06,0.995225673,0.1
2.49E-06,0.995192528,0.1
2.51E-06,0.995159201,0.1
2.53E-06,0.995125638,0.1
2.54E-06,0.995091788,0.1
2.56E-06,0.995057698,0.1
2.58E-06,0.995023443,0.1
2.60E-06,0.994988937,0.1
2.61E-06,0.994954153,0.1
2.63E-06,0.994919088,0.1
2.65E-06,0.994883854,0.1
2.67E-06,0.994848402,0.1
2.69E-06,0.994812655,0.1
2.71E-06,0.994776617,0.1
2.73E-06,0.994740353,0.1
2.74E-06,0.994703906,0.1
2.76E-06,0.994667188,0.1
2.78E-06,0.994630158,0.1
2.80E-06,0.994592847,0.1
2.82E-06,0.994555345,0.1
2.84E-06,0.994517617,0.1
2.86E-06,0.994479598,0.1
2.88E-06,0.994441236,0.1
2.90E-06,0.994402626,0.1
2.92E-06,0.994363817,0.1
2.94E-06,0.994324776,0.1
2.96E-06,0.994285393,0.1
2.98E-06,0.994245684,0.1
3.00E-06,0.994205717,0.1
3.02E-06,0.994165559,0.1
3.04E-06,0.994125133,0.1
3.07E-06,0.994084371,0.1
3.09E-06,0.994043252,0.1
3.11E-06,0.994001887,0.1
3.13E-06,0.993960302,0.1
3.15E-06,0.993918472,0.1
3.17E-06,0.993876276,0.1
3.20E-06,0.993833726,0.1
3.22E-06,0.993790876,0.1
3.24E-06,0.993747821,0.1
3.26E-06,0.993704517,0.1
3.28E-06,0.993660873,0.1
3.31E-06,0.993616841,0.1
3.33E-06,0.993572462,0.1
3.35E-06,0.993527856,0.1
3.38E-06,0.99348301,0.1
3.40E-06,0.993437877,0.1
3.42E-06,0.993392335,0.1
3.45E-06,0.993346406,0.1
3.47E-06,0.993300168,0.1
3.50E-06,0.993253693,0.1
3.52E-06,0.993206986,0.1
3.54E-06,0.99315991,0.1
3.57E-06,0.993112428,0.1
3.59E-06,0.993064533,0.1
3.62E-06,0.99301634,0.1
3.64E-06,0.992967926,0.1
3.67E-06,0.992919227,0.1
3.69E-06,0.992870181,0.1
3.72E-06,0.992820671,0.1
3.75E-06,0.992770743,0.1
3.77E-06,0.992720508,0.1
3.80E-06,0.992670008,0.1
3.82E-06,0.992619271,0.1
3.85E-06,0.992568156,0.1
3.88E-06,0.992516577,0.1
3.90E-06,0.992464558,0.1
3.93E-06,0.992412142,0.1
3.96E-06,0.992359472,0.1
3.99E-06,0.992306559,0.1
4.01E-06,0.992253296,0.1
4.04E-06,0.99219962,0.1
4.07E-06,0.992145431,0.1
4.10E-06,0.992090776,0.1
4.13E-06,0.992035808,0.1
4.16E-06,0.991980556,0.1
4.18E-06,0.991925035,0.1
4.21E-06,0.991869168,0.1
4.24E-06,0.991812784,0.1
4.27E-06,0.991755884,0.1
4.30E-06,0.991698537,0.1
4.33E-06,0.991640803,0.1
4.36E-06,0.991582818,0.1
4.39E-06,0.991524574,0.1
4.42E-06,0.991465916,0.1
4.45E-06,0.991406779,0.1
4.48E-06,0.991347101,0.1
4.51E-06,0.991286867,0.1
4.55E-06,0.991226246,0.1
4.58E-06,0.99116535,0.1
4.61E-06,0.991104145,0.1
4.64E-06,0.991042609,0.1
4.67E-06,0.990980636,0.1
4.71E-06,0.990918055,0.1
4.74E-06,0.990854882,0.1
4.77E-06,0.99079124,0.1
4.80E-06,0.990727187,0.1
4.84E-06,0.990662819,0.1
4.87E-06,0.990598208,0.1
4.91E-06,0.990533214,0.1
4.94E-06,0.990467667,0.1
4.97E-06,0.990401539,0.1
5.01E-06,0.990334808,0.1
5.04E-06,0.990267482,0.1
5.08E-06,0.990199737,0.1
5.11E-06,0.990131726,0.1
5.15E-06,0.990063401,0.1
5.18E-06,0.989994675,0.1
5.22E-06,0.989925497,0.1
5.26E-06,0.98985572,0.1
5.29E-06,0.989785213,0.1
5.33E-06,0.989714064,0.1
5.37E-06,0.989642444,0.1
5.40E-06,0.989570419,0.1
5.44E-06,0.989498035,0.1
5.48E-06,0.989425368,0.1
5.52E-06,0.989352339,0.1
5.56E-06,0.989278719,0.1
5.59E-06,0.989204385,0.1
5.63E-06,0.989129371,0.1
5.67E-06,0.9890537,0.1
5.71E-06,0.988977402,0.1
5.75E-06,0.988900643,0.1
5.79E-06,0.988823611,0.1
5.83E-06,0.988746289,0.1
5.87E-06,0.98866852,0.1
5.91E-06,0.988590203,0.1
5.95E-06,0.98851128,0.1
5.99E-06,0.988431612,0.1
6.04E-06,0.988351098,0.1
6.08E-06,0.988269849,0.1
6.12E-06,0.988188093,0.1
6.16E-06,0.988105944,0.1
6.21E-06,0.988023398,0.1
6.25E-06,0.987940475,0.1
6.29E-06,0.987857196,0.1
6.34E-06,0.987773423,0.1
6.38E-06,0.987688899,0.1
6.42E-06,0.987603486,0.1
6.47E-06,0.987517244,0.1
6.51E-06,0.987430278,0.1
6.56E-06,0.987342632,0.1
6.60E-06,0.987254379,0.1
6.65E-06,0.987165706,0.1
6.70E-06,0.987076772,0.1
6.74E-06,0.986987525,0.1
6.79E-06,0.98689775,0.1
6.84E-06,0.986807273,0.1
6.88E-06,0.986716036,0.1
6.93E-06,0.986623989,0.1
6.98E-06,0.98653102,0.1
7.03E-06,0.986437081,0.1
7.08E-06,0.986342322,0.1
7.13E-06,0.986247014,0.1
7.18E-06,0.986151332,0.1
7.23E-06,0.986055272,0.1
7.28E-06,0.985958763,0.1
7.33E-06,0.985861783,0.1
7.38E-06,0.985764309,0.1
7.43E-06,0.985666192,0.1
7.48E-06,0.985567166,0.1
7.53E-06,0.985467038,0.1
7.58E-06,0.985365828,0.1
7.64E-06,0.985263708,0.1
7.69E-06,0.985160835,0.1
7.74E-06,0.985057274,0.1
7.80E-06,0.984953079,0.1
7.85E-06,0.984848392,0.1
7.90E-06,0.984743383,0.1
7.96E-06,0.984638091,0.1
8.02E-06,0.984532337,0.1
8.07E-06,0.984425834,0.1
8.13E-06,0.984318369,0.1
8.18E-06,0.98420988,0.1
8.24E-06,0.984100379,0.1
8.30E-06,0.983989834,0.1
8.35E-06,0.98387818,0.1
8.41E-06,0.983765432,0.1
8.47E-06,0.98365178,0.1
8.53E-06,0.983537524,0.1
8.59E-06,0.983422903,0.1
8.65E-06,0.983307966,0.1
8.71E-06,0.983192599,0.1
8.77E-06,0.983076653,0.1
8.83E-06,0.982960048,0.1
8.89E-06,0.982842743,0.1
8.95E-06,0.982724634,0.1
9.01E-06,0.982605499,0.1
9.08E-06,0.98248508,0.1
9.14E-06,0.982363233,0.1
9.20E-06,0.982240023,0.1
9.27E-06,0.982115686,0.1
9.33E-06,0.981990479,0.1
9.40E-06,0.981864557,0.1
9.46E-06,0.981737969,0.1
9.53E-06,0.98161074,0.1
9.59E-06,0.981482954,0.1
9.66E-06,0.981354748,0.1
9.73E-06,0.981226203,0.1
9.79E-06,0.981097235,0.1
9.86E-06,0.980967577,0.1
9.93E-06,0.980836882,0.1
1.00E-05,0.980704869,0.1
1.01E-05,0.980571423,0.1
1.01E-05,0.980436576,0.1
1.02E-05,0.980300415,0.1
1.03E-05,0.980162981,0.1
1.04E-05,0.98002426,0.1
1.04E-05,0.979884257,0.1
1.05E-05,0.979743082,0.1
1.06E-05,0.979600987,0.1
1.06E-05,0.979458292,0.1
1.07E-05,0.979315264,0.1
1.08E-05,0.979171996,0.1
1.09E-05,0.979028386,0.1
1.09E-05,0.978884204,0.1
1.10E-05,0.978739211,0.1
1.11E-05,0.978593242,0.1
1.12E-05,0.978446219,0.1
1.12E-05,0.978298089,0.1
1.13E-05,0.97814874,0.1
1.14E-05,0.977997973,0.1
1.15E-05,0.977845545,0.1
1.16E-05,0.977691274,0.1
1.16E-05,0.977535133,0.1
1.17E-05,0.977377289,0.1
1.18E-05,0.977218054,0.1
1.19E-05,0.977057778,0.1
1.20E-05,0.976896734,0.1
1.21E-05,0.976735061,0.1
1.21E-05,0.976572773,0.1
1.22E-05,0.976409833,0.1
1.23E-05,0.976246228,0.1
1.24E-05,0.976082005,0.1
1.25E-05,0.975917244,0.1
1.26E-05,0.975751987,0.1
1.27E-05,0.975586158,0.1
1.27E-05,0.975419524,0.1
1.28E-05,0.975251724,0.1
1.29E-05,0.975082355,0.1
1.30E-05,0.974911077,0.1
1.31E-05,0.974737702,0.1
1.32E-05,0.974562214,0.1
1.33E-05,0.974384737,0.1
1.34E-05,0.974205454,0.1
1.35E-05,0.974024529,0.1
1.36E-05,0.973842059,0.1
1.37E-05,0.973658079,0.1
1.37E-05,0.973472615,0.1
1.38E-05,0.973285744,0.1
1.39E-05,0.973097642,0.1
1.40E-05,0.972908586,0.1
1.41E-05,0.972718902,0.1
1.42E-05,0.972528884,0.1
1.43E-05,0.97233871,0.1
1.44E-05,0.972148382,0.1
1.45E-05,0.971957726,0.1
1.46E-05,0.971766432,0.1
1.47E-05,0.971574134,0.1
1.48E-05,0.971380497,0.1
1.49E-05,0.971185269,0.1
1.50E-05,0.970988308,0.1
1.51E-05,0.970789552,0.1
1.52E-05,0.970588971,0.1
1.54E-05,0.970386508,0.1
1.55E-05,0.970182047,0.1
1.56E-05,0.969975408,0.1
1.57E-05,0.969766387,0.1
1.58E-05,0.969554818,0.1
1.59E-05,0.969340633,0.1
1.60E-05,0.969123917,0.1
1.61E-05,0.968904908,0.1
1.62E-05,0.968683979,0.1
1.63E-05,0.968461566,0.1
1.65E-05,0.968238097,0.1
1.66E-05,0.968013919,0.1
1.67E-05,0.967789246,0.1
1.68E-05,0.967564153,0.1
1.69E-05,0.967338589,0.1
1.70E-05,0.967112435,0.1
1.71E-05,0.966885551,0.1
1.73E-05,0.966657828,0.1
1.74E-05,0.966429212,0.1
1.75E-05,0.9661997,0.1
1.76E-05,0.96596931,0.1
1.78E-05,0.965738033,0.1
1.79E-05,0.965505789,0.1
1.80E-05,0.965272391,0.1
1.81E-05,0.965037534,0.1
1.82E-05,0.964800816,0.1
1.84E-05,0.964561784,0.1
1.85E-05,0.964319991,0.1
1.86E-05,0.964075063,0.1
1.88E-05,0.963826751,0.1
1.89E-05,0.963574959,0.1
1.90E-05,0.96331975,0.1
1.92E-05,0.96306132,0.1
1.93E-05,0.962799955,0.1
1.94E-05,0.962535977,0.1
1.96E-05,0.962269689,0.1
1.97E-05,0.96200134,0.1
1.98E-05,0.961731103,0.1
2.00E-05,0.961459077,0.1
2.01E-05,0.961185312,0.1
2.02E-05,0.960909842,0.1
2.04E-05,0.960632722,0.1
2.05E-05,0.960354064,0.1
2.07E-05,0.960074049,0.1
2.08E-05,0.959792929,0.1
2.10E-05,0.959511006,0.1
2.11E-05,0.959228598,0.1
2.12E-05,0.958945986,0.1
2.14E-05,0.958663375,0.1
2.15E-05,0.958380851,0.1
2.17E-05,0.958098358,0.1
2.18E-05,0.957815688,0.1
2.20E-05,0.957532501,0.1
2.21E-05,0.957248352,0.1
2.23E-05,0.956962736,0.1
2.25E-05,0.956675138,0.1
2.26E-05,0.956385076,0.1
2.28E-05,0.956092146,0.1
2.29E-05,0.955796041,0.1
2.31E-05,0.955496561,0.1
2.32E-05,0.955193607,0.1
2.34E-05,0.954887155,0.1
2.36E-05,0.954577233,0.1
2.37E-05,0.954263881,0.1
2.39E-05,0.953947124,0.1
2.41E-05,0.953626949,0.1
2.42E-05,0.953303294,0.1
2.44E-05,0.952976048,0.1
2.46E-05,0.952645067,0.1
2.47E-05,0.952310197,0.1
2.49E-05,0.951971306,0.1
2.51E-05,0.951628314,0.1
2.53E-05,0.951281225,0.1
2.54E-05,0.950930148,0.1
2.56E-05,0.950575305,0.1
2.58E-05,0.950217034,0.1
2.60E-05,0.949855772,0.1
2.61E-05,0.94949203,0.1
2.63E-05,0.94912636,0.1
2.65E-05,0.948759316,0.1
2.67E-05,0.948391417,0.1
2.69E-05,0.948023109,0.1
2.71E-05,0.947654738,0.1
2.73E-05,0.94728653,0.1
2.74E-05,0.946918588,0.1
2.76E-05,0.946550888,0.1
2.78E-05,0.946183301,0.1
2.80E-05,0.94581561,0.1
2.82E-05,0.945447538,0.1
2.84E-05,0.94507878,0.1
2.86E-05,0.944709028,0.1
2.88E-05,0.944337999,0.1
2.90E-05,0.943965449,0.1
2.92E-05,0.943591188,0.1
2.94E-05,0.943215077,0.1
2.96E-05,0.942837024,0.1
2.98E-05,0.942456972,0.1
3.00E-05,0.942074877,0.1
3.02E-05,0.941690691,0.1
3.04E-05,0.941304335,0.1
3.07E-05,0.940915685,0.1
3.09E-05,0.94052455,0.1
3.11E-05,0.940130667,0.1
3.13E-05,0.939733697,0.1
3.15E-05,0.939333227,0.1
3.17E-05,0.938928786,0.1
3.20E-05,0.93851986,0.1
3.22E-05,0.938105913,0.1
3.24E-05,0.937686419,0.1
3.26E-05,0.937260882,0.1
3.28E-05,0.936828868,0.1
3.31E-05,0.936390026,0.1
3.33E-05,0.935944104,0.1
3.35E-05,0.935490968,0.1
3.38E-05,0.935030606,0.1
3.40E-05,0.934563127,0.1
3.42E-05,0.934088757,0.1
3.45E-05,0.933607821,0.1
3.47E-05,0.933120734,0.1
3.50E-05,0.93262797,0.1
3.52E-05,0.932130046,0.1
3.54E-05,0.931627493,0.1
3.57E-05,0.931120837,0.1
3.59E-05,0.930610571,0.1
3.62E-05,0.930097145,0.1
3.64E-05,0.92958095,0.1
3.67E-05,0.929062305,0.1
3.69E-05,0.928541463,0.1
3.72E-05,0.928018601,0.1
3.75E-05,0.927493838,0.1
3.77E-05,0.926967235,0.1
3.80E-05,0.926438815,0.1
3.82E-05,0.925908573,0.1
3.85E-05,0.925376493,0.1
3.88E-05,0.924842567,0.1
3.90E-05,0.924306802,0.1
3.93E-05,0.923769238,0.1
3.96E-05,0.923229955,0.1
3.99E-05,0.922689076,0.1
4.01E-05,0.922146772,0.1
4.04E-05,0.921603258,0.1
4.07E-05,0.921058789,0.1
4.10E-05,0.920513648,0.1
4.13E-05,0.919968136,0.1
4.16E-05,0.91942256,0.1
4.18E-05,0.91887721,0.1
4.21E-05,0.918332353,0.1
4.24E-05,0.917788208,0.1
4.27E-05,0.917244935,0.1
4.30E-05,0.916702624,0.1
4.33E-05,0.916161278,0.1
4.36E-05,0.915620809,0.1
4.39E-05,0.915081031,0.1
4.42E-05,0.914541661,0.1
4.45E-05,0.914002317,0.1
4.48E-05,0.913462522,0.1
4.51E-05,0.912921718,0.1
4.55E-05,0.91237927,0.1
4.58E-05,0.911834485,0.1
4.61E-05,0.911286619,0.1
4.64E-05,0.910734903,0.1
4.67E-05,0.910178551,0.1
4.71E-05,0.90961678,0.1
4.74E-05,0.909048829,0.1
4.77E-05,0.908473968,0.1
4.80E-05,0.907891519,0.1
4.84E-05,0.907300861,0.1
4.87E-05,0.906701442,0.1
4.91E-05,0.90609279,0.1
4.94E-05,0.905474511,0.1
4.97E-05,0.904846296,0.1
5.01E-05,0.904207918,0.1
5.04E-05,0.903559229,0.1
5.08E-05,0.902900159,0.1
5.11E-05,0.902230703,0.1
5.15E-05,0.901550918,0.1
5.18E-05,0.900860909,0.1
5.22E-05,0.900160823,0.1
5.26E-05,0.899450834,0.1
5.29E-05,0.898731136,0.1
5.33E-05,0.898001926,0.1
5.37E-05,0.897263404,0.1
5.40E-05,0.896515753,0.1
5.44E-05,0.895759138,0.1
5.48E-05,0.894993699,0.1
5.52E-05,0.894219542,0.1
5.56E-05,0.89343674,0.1
5.59E-05,0.892645327,0.1
5.63E-05,0.891845304,0.1
5.67E-05,0.891036633,0.1
5.71E-05,0.890219247,0.1
5.75E-05,0.889393049,0.1
5.79E-05,0.888557921,0.1
5.83E-05,0.887713731,0.1
5.87E-05,0.886860336,0.1
5.91E-05,0.885997597,0.1
5.95E-05,0.885125382,0.1
5.99E-05,0.884243574,0.1
6.04E-05,0.883352085,0.1
6.08E-05,0.882450859,0.1
6.12E-05,0.88153988,0.1
6.16E-05,0.88061918,0.1
6.21E-05,0.879688846,0.1
6.25E-05,0.878749021,0.1
6.29E-05,0.877799912,0.1
6.34E-05,0.876841787,0.1
6.38E-05,0.875874983,0.1
6.42E-05,0.8748999,0.1
6.47E-05,0.873917004,0.1
6.51E-05,0.872926821,0.1
6.56E-05,0.871929936,0.1
6.60E-05,0.870926986,0.1
6.65E-05,0.869918655,0.1
6.70E-05,0.868905669,0.1
6.74E-05,0.867888787,0.1
6.79E-05,0.866868792,0.1
6.84E-05,0.865846486,0.1
6.88E-05,0.864822678,0.1
6.93E-05,0.863798176,0.1
6.98E-05,0.862773778,0.1
7.03E-05,0.861750266,0.1
7.08E-05,0.860728392,0.1
7.13E-05,0.859708876,0.1
7.18E-05,0.858692392,0.1
7.23E-05,0.857679567,0.1
7.28E-05,0.856670972,0.1
7.33E-05,0.855667113,0.1
7.38E-05,0.854668433,0.1
7.43E-05,0.853675304,0.1
7.48E-05,0.852688022,0.1
7.53E-05,0.851706811,0.1
7.58E-05,0.850731815,0.1
7.64E-05,0.849763101,0.1
7.69E-05,0.84880066,0.1
7.74E-05,0.847844409,0.1
7.80E-05,0.846894187,0.1
7.85E-05,0.845949767,0.1
7.90E-05,0.845010852,0.1
7.96E-05,0.844077082,0.1
8.02E-05,0.843148039,0.1
8.07E-05,0.842223253,0.1
8.13E-05,0.841302203,0.1
8.18E-05,0.840384327,0.1
8.24E-05,0.839469028,0.1
8.30E-05,0.838555675,0.1
8.35E-05,0.837643617,0.1
8.41E-05,0.836732181,0.1
8.47E-05,0.835820684,0.1
8.53E-05,0.834908435,0.1
8.59E-05,0.833994745,0.1
8.65E-05,0.833078926,0.1
8.71E-05,0.832160303,0.1
8.77E-05,0.831238212,0.1
8.83E-05,0.830312011,0.1
8.89E-05,0.829381077,0.1
8.95E-05,0.828444815,0.1
9.01E-05,0.827502659,0.1
9.08E-05,0.826554073,0.1
9.14E-05,0.825598553,0.1
9.20E-05,0.824635631,0.1
9.27E-05,0.823664875,0.1
9.33E-05,0.822685886,0.1
9.40E-05,0.821698305,0.1
9.46E-05,0.820701805,0.1
9.53E-05,0.819696093,0.1
9.59E-05,0.818680913,0.1
9.66E-05,0.817656037,0.1
9.73E-05,0.816621267,0.1
9.79E-05,0.815576433,0.1
9.86E-05,0.81452139,0.1
9.93E-05,0.813456013,0.1
0.0001,0.812380197,0.1