wavelength [nm],signal
197.185,0.002
197.39,0.002
197.594,0.001
197.798,-0.002
198.002,0.002
198.206,0.001
198.41,0.003
198.614,0.001
198.818,0.005
199.022,0.001
199.227,0.002
199.431,0.001
199.635,0.001
199.839,0.003
200.043,0.004
200.248,0.001
200.452,0.003
200.656,0
200.861,0.003
201.065,0
201.269,0.004
201.474,0.002
201.678,0.003
201.882,0.002
202.087,0.003
202.291,0.002
202.496,0.003
202.7,0.001
202.904,0.003
203.109,0.004
203.313,0.004
203.518,0.002
203.722,0.004
203.927,0.004
204.131,0.003
204.336,-0.001
204.541,0.003
204.745,0.001
204.95,0.003
205.154,0.002
205.359,0.004
205.564,0.004
205.768,0.003
205.973,0.002
206.178,0.004
206.382,0.002
206.587,0.004
206.792,0.001
206.996,0.005
207.201,-0.001
207.406,0.002
207.611,0
207.816,0.001
208.02,0
208.225,0.002
208.43,0.001
208.635,0.002
208.84,0.001
209.045,0
209.25,0.001
209.455,0.001
209.66,0.002
209.864,0.005
210.069,-0.001
210.274,0
210.479,0.002
210.684,0.003
210.889,0.002
211.094,0.003
211.3,0.003
211.505,0.005
211.71,0.001
211.915,0.003
212.12,-0.001
212.325,0.002
212.53,0.001
212.735,0.004
212.941,0
213.146,0.001
213.351,0.001
213.556,0.003
213.761,-0.001
213.967,0.005
214.172,-0.004
214.377,0.003
214.582,0
214.788,0.001
214.993,0
215.198,0.002
215.404,0.001
215.609,0.003
215.815,0.002
216.02,0.003
216.225,-0.001
216.431,0.001
216.636,0.001
216.842,0.003
217.047,0.002
217.253,0.004
217.458,0.003
217.664,0.001
217.869,0
218.075,0.002
218.28,0.003
218.486,0.001
218.691,0.003
218.897,0.001
219.103,-0.001
219.308,0.001
219.514,0.001
219.72,0.003
219.925,0
220.131,0.004
220.337,0
220.542,0.001
220.748,0.004
220.954,0
221.16,0
221.365,0.002
221.571,0
221.777,0.002
221.983,0.001
222.189,-0.001
222.394,0
222.6,0.004
222.806,-0.001
223.012,0.001
223.218,0.002
223.424,0.002
223.63,0
223.836,0.002
224.042,0.002
224.248,0.004
224.454,-0.001
224.66,0.004
224.866,0.001
225.072,0.002
225.278,0.002
225.484,0.003
225.69,0.003
225.896,0.002
226.102,0
226.308,0.002
226.515,0.003
226.721,0.004
226.927,0.003
227.133,0.003
227.339,0
227.545,0.002
227.752,0
227.958,0.003
228.164,0
228.37,0.004
228.577,0
228.783,0.004
228.989,0
229.196,0.004
229.402,0.001
229.608,0.001
229.815,0
230.021,0.004
230.228,0.002
230.434,0.001
230.64,0
230.847,0.005
231.053,0
231.26,0.004
231.466,0.001
231.673,0.003
231.879,0.002
232.086,0.002
232.292,0.001
232.499,0.003
232.706,0.002
232.912,0.003
233.119,0
233.325,0.002
233.532,0
233.739,0.003
233.945,0.002
234.152,0.001
234.359,0.002
234.565,0.004
234.772,0.003
234.979,0.004
235.186,0.001
235.392,0.001
235.599,0.002
235.806,0.002
236.013,-0.001
236.22,0.001
236.427,0.002
236.633,0.001
236.84,0.002
237.047,0.001
237.254,0.001
237.461,0.003
237.668,0.001
237.875,0.004
238.082,0.001
238.289,0.005
238.496,0.002
238.703,0.004
238.91,-0.001
239.117,0.003
239.324,0.002
239.531,0.003
239.738,0.002
239.945,0.003
240.152,0.005
240.359,0.007
240.566,0.005
240.774,0.005
240.981,-0.001
241.188,0.002
241.395,-0.001
241.602,0.004
241.81,0
242.017,0.003
242.224,0.001
242.431,0.002
242.639,0.002
242.846,0.001
243.053,-0.002
243.26,0.003
243.468,0
243.675,0.004
243.883,0.003
244.09,0.002
244.297,0.003
244.505,0.003
244.712,0.002
244.92,0
245.127,0.001
245.334,0.001
245.542,0.001
245.749,0.004
245.957,0.001
246.164,0.006
246.372,-0.002
246.58,0.005
246.787,0.003
246.995,0.004
247.202,0.003
247.41,0.006
247.618,0.006
247.825,0.002
248.033,0.006
248.24,0.004
248.448,0.001
248.656,0.003
248.864,0.004
249.071,0.002
249.279,0.003
249.487,0.003
249.695,0.003
249.902,0.005
250.11,0.003
250.318,0.006
250.526,0.006
250.734,0.006
250.941,0.006
251.149,0.008
251.357,0.009
251.565,0.016
251.773,0.022
251.981,0.046
252.189,0.108
252.397,0.218
252.605,0.31
252.813,0.343
253.021,0.301
253.229,0.205
253.437,0.096
253.645,0.034
253.853,0.017
254.061,0.01
254.269,0.004
254.477,0.006
254.685,0.003
254.893,0.006
255.102,0.003
255.31,0.005
255.518,0.004
255.726,0.004
255.934,0.002
256.142,0.005
256.351,0.001
256.559,0.002
256.767,0.002
256.975,0.006
257.184,0.003
257.392,0.002
257.6,0.002
257.809,0.003
258.017,0.003
258.225,0.002
258.434,0.002
258.642,0.005
258.85,0
259.059,0.004
259.267,0.002
259.476,0.003
259.684,0.004
259.893,0.003
260.101,0
260.31,0.005
260.518,0.001
260.727,0.004
260.935,-0.002
261.144,0.005
261.352,0
261.561,0.003
261.77,0.005
261.978,0.002
262.187,0.001
262.395,0.003
262.604,0.001
262.813,0.002
263.021,0.002
263.23,0.004
263.439,0.001
263.648,0.003
263.856,0.005
264.065,0.005
264.274,0.006
264.483,0.006
264.691,0.005
264.9,0.004
265.109,0.001
265.318,0.005
265.527,0.003
265.736,0.004
265.944,0.002
266.153,0.002
266.362,0.002
266.571,0.005
266.78,0.004
266.989,0.002
267.198,0.002
267.407,0.001
267.616,0.004
267.825,0.003
268.034,0.001
268.243,0.002
268.452,0.002
268.661,0.005
268.87,0.003
269.079,0.002
269.289,0
269.498,0
269.707,0.002
269.916,0.003
270.125,0.002
270.334,0.003
270.543,0.002
270.753,0.003
270.962,0.003
271.171,0.002
271.38,0
271.59,0.003
271.799,0.001
272.008,0.002
272.218,-0.001
272.427,0.005
272.636,0.003
272.846,0.001
273.055,0
273.264,0.003
273.474,0.003
273.683,0.002
273.893,0.002
274.102,0.005
274.311,0.003
274.521,0.005
274.73,0.003
274.94,0.005
275.149,-0.001
275.359,0.004
275.568,0.001
275.778,0.004
275.987,0
276.197,0.001
276.407,0
276.616,0.003
276.826,0.002
277.036,0.003
277.245,0.002
277.455,0.004
277.664,-0.002
277.874,0.002
278.084,0.004
278.294,0.004
278.503,0.003
278.713,0.001
278.923,0.002
279.133,0.001
279.342,0.003
279.552,0.004
279.762,0.002
279.972,0.003
280.182,0.002
280.392,0.001
280.601,0.002
280.811,0.005
281.021,0.002
281.231,0.004
281.441,0.002
281.651,0.004
281.861,0.002
282.071,0.002
282.281,0.002
282.491,0.001
282.701,0.004
282.911,0.005
283.121,0.001
283.331,0.003
283.541,0
283.751,0.003
283.961,0.003
284.171,0.006
284.382,0.002
284.592,0.002
284.802,0.001
285.012,0.002
285.222,0.001
285.432,0.004
285.643,-0.001
285.853,0.002
286.063,0.004
286.273,0.005
286.484,0.001
286.694,0.003
286.904,0.003
287.114,0.002
287.325,0.002
287.535,0.002
287.745,-0.001
287.956,0.005
288.166,0.002
288.377,0.004
288.587,0.004
288.797,0.003
289.008,0.003
289.218,0.001
289.429,0.002
289.639,0.005
289.85,0.002
290.06,0.003
290.271,0.004
290.481,0.001
290.692,0.001
290.902,0.003
291.113,0.002
291.323,0.008
291.534,0.001
291.745,0.004
291.955,0
292.166,0.003
292.377,0.003
292.587,0.002
292.798,0
293.009,0.002
293.219,0.003
293.43,0.005
293.641,0.004
293.852,0
294.062,0.001
294.273,0.006
294.484,0
294.695,0.002
294.906,0.002
295.116,0.003
295.327,0.002
295.538,0.004
295.749,0.01
295.96,0.006
296.171,0.007
296.382,0.005
296.593,0.003
296.804,0.004
297.015,0
297.226,0.002
297.437,0.001
297.648,0.003
297.859,0.005
298.07,0.003
298.281,0.001
298.492,0.003
298.703,0
298.914,0.002
299.125,0.003
299.336,0.002
299.547,0
299.758,0.003
299.97,0.002
300.181,0.002
300.392,0
300.603,0.004
300.814,0.004
301.026,0.004
301.237,0.005
301.448,0.003
301.659,0.005
301.871,0.003
302.082,0.002
302.293,0.005
302.504,0.003
302.716,0.001
302.927,0.002
303.139,0.005
303.35,0.002
303.561,0.003
303.773,-0.001
303.984,0.002
304.196,0.003
304.407,0.005
304.618,0
304.83,0.004
305.041,0.002
305.253,0.003
305.464,0
305.676,0.005
305.888,-0.001
306.099,0.002
306.311,0
306.522,0.001
306.734,0.003
306.945,0.005
307.157,0.002
307.369,0.004
307.58,0.002
307.792,0.006
308.004,0.005
308.215,0.005
308.427,0.004
308.639,0.002
308.851,0.001
309.062,0.002
309.274,0.005
309.486,0.002
309.698,0.003
309.909,0.004
310.121,0.004
310.333,0.003
310.545,0.002
310.757,0.004
310.969,0.003
311.181,0.008
311.393,0.011
311.604,0.017
311.816,0.015
312.028,0.026
312.24,0.025
312.452,0.021
312.664,0.021
312.876,0.014
313.088,0.005
313.3,0.006
313.512,0.002
313.724,0.007
313.936,0.003
314.149,0.005
314.361,0
314.573,0.004
314.785,0.005
314.997,0.001
315.209,0
315.421,0.003
315.633,0.004
315.846,0.003
316.058,0.004
316.27,0.002
316.482,0.001
316.695,0.002
316.907,0
317.119,0.002
317.331,0
317.544,0.003
317.756,0.005
317.968,0.004
318.181,0.001
318.393,0.005
318.605,0.004
318.818,0.002
319.03,0.003
319.243,0.002
319.455,0.002
319.667,0.002
319.88,0.005
320.092,0.003
320.305,0.003
320.517,0.005
320.73,-0.001
320.942,0.002
321.155,0.004
321.367,0.002
321.58,0.003
321.793,0.003
322.005,0.003
322.218,0.004
322.43,0
322.643,0.002
322.856,0.002
323.068,0.004
323.281,0.001
323.494,0.002
323.706,0.002
323.919,0.004
324.132,-0.001
324.345,0.004
324.557,0.002
324.77,0.005
324.983,0.003
325.196,0.005
325.408,-0.002
325.621,-0.001
325.834,0.002
326.047,0.005
326.26,0.002
326.473,0.004
326.686,0.003
326.898,0.006
327.111,0.003
327.324,0.002
327.537,-0.001
327.75,0.002
327.963,0
328.176,0.004
328.389,0.002
328.602,0.004
328.815,0
329.028,0.003
329.241,0.002
329.454,0.007
329.667,0.001
329.88,0.004
330.094,0.003
330.307,0.002
330.52,0.001
330.733,0.002
330.946,0.002
331.159,-0.001
331.373,0.005
331.586,0.001
331.799,0.002
332.012,0.002
332.225,0.004
332.439,0.006
332.652,0.006
332.865,0.005
333.078,0.01
333.292,0.01
333.505,0.004
333.718,0.007
333.932,0.003
334.145,0.007
334.359,0.003
334.572,0.004
334.785,0.001
334.999,0.003
335.212,0.003
335.426,0.002
335.639,0.004
335.853,0.003
336.066,0.003
336.28,0.004
336.493,0.003
336.707,0.002
336.92,-0.002
337.134,0.004
337.347,0.003
337.561,0.003
337.774,0
337.988,0.003
338.202,0.003
338.415,0.004
338.629,0.004
338.843,0.005
339.056,0
339.27,0.005
339.484,0.003
339.697,0.003
339.911,0.003
340.125,0.002
340.339,0.003
340.552,0.004
340.766,-0.001
340.98,0.005
341.194,0.003
341.408,0.005
341.621,0.001
341.835,0.003
342.049,0.002
342.263,0.003
342.477,0.003
342.691,0.003
342.905,0.001
343.119,0.004
343.333,0.001
343.546,0.006
343.76,0.003
343.974,0.004
344.188,-0.001
344.402,0.006
344.616,0.002
344.831,0.002
345.045,0.004
345.259,0.003
345.473,0.002
345.687,0.004
345.901,0
346.115,0.003
346.329,0.006
346.543,0.003
346.757,0.003
346.972,0.004
347.186,0.001
347.4,0.004
347.614,0.005
347.828,0.004
348.043,0.003
348.257,0.004
348.471,0.003
348.685,0.002
348.9,0.003
349.114,0.004
349.328,0.002
349.543,0.007
349.757,0.002
349.971,0.002
350.186,0.003
350.4,0.004
350.615,0.005
350.829,0.005
351.043,0.002
351.258,0.003
351.472,0.001
351.687,0.003
351.901,0.001
352.116,0.003
352.33,0.003
352.545,0.005
352.759,0.003
352.974,0.004
353.188,0.002
353.403,0.002
353.618,0.001
353.832,0.004
354.047,0.003
354.261,0.002
354.476,0.005
354.691,0.004
354.905,0.005
355.12,0.004
355.335,0.002
355.549,0.004
355.764,0.001
355.979,0.005
356.194,0.003
356.408,0.003
356.623,0.003
356.838,0.003
357.053,-0.001
357.268,0.001
357.482,0.001
357.697,0.006
357.912,0.002
358.127,0.003
358.342,0.004
358.557,0.004
358.772,0.002
358.987,0.005
359.201,0.004
359.416,0.002
359.631,0
359.846,0.004
360.061,0.003
360.276,0.006
360.491,0.006
360.706,0.002
360.921,0.001
361.136,0.002
361.351,0.005
361.567,0.007
361.782,0.004
361.997,0.006
362.212,0.005
362.427,0.003
362.642,0.003
362.857,0.006
363.072,0.004
363.288,0.014
363.503,0.031
363.718,0.087
363.933,0.18
364.149,0.251
364.364,0.28
364.579,0.284
364.794,0.252
365.01,0.207
365.225,0.158
365.44,0.129
365.656,0.1
365.871,0.074
366.086,0.055
366.302,0.035
366.517,0.019
366.732,0.008
366.948,0.006
367.163,0.005
367.379,0.007
367.594,0.007
367.81,0.003
368.025,0.006
368.241,0.006
368.456,0.005
368.672,0.007
368.887,0.008
369.103,0.012
369.318,0.013
369.534,0.013
369.749,0.015
369.965,0.013
370.18,0.018
370.396,0.014
370.612,0.012
370.827,0.008
371.043,0.007
371.259,0.004
371.474,0.006
371.69,0.003
371.906,0.002
372.122,0.004
372.337,0.003
372.553,0.001
372.769,0.006
372.985,0.004
373.2,0.005
373.416,0.001
373.632,0.004
373.848,0.001
374.064,0.003
374.28,0.003
374.495,0.005
374.711,0.004
374.927,0.005
375.143,0.002
375.359,0
375.575,0.003
375.791,0.003
376.007,0.005
376.223,0.004
376.439,0.002
376.655,0.002
376.871,0.002
377.087,0.002
377.303,0.003
377.519,0.003
377.735,0.004
377.951,0.003
378.167,0.005
378.383,0.004
378.599,0.003
378.816,0.006
379.032,0.003
379.248,0.005
379.464,0.001
379.68,0.005
379.896,0.002
380.113,0.004
380.329,0.002
380.545,0.003
380.761,0.006
380.978,0.008
381.194,0.001
381.41,0.003
381.626,0.006
381.843,0.003
382.059,0
382.275,0.004
382.492,0.003
382.708,0.003
382.924,0.004
383.141,0.006
383.357,0.003
383.574,0.003
383.79,0.002
384.007,0.005
384.223,0.003
384.44,0.005
384.656,0.002
384.872,0.003
385.089,0.002
385.306,0.001
385.522,0.001
385.739,0.002
385.955,0.004
386.172,0.003
386.388,0.002
386.605,0.004
386.822,0
387.038,0.004
387.255,0.002
387.471,0.002
387.688,0
387.905,0.005
388.122,0.003
388.338,0.005
388.555,0.003
388.772,0.004
388.988,0.002
389.205,0.006
389.422,0.002
389.639,0.005
389.856,0.004
390.072,0.005
390.289,0.003
390.506,0.006
390.723,0.001
390.94,0.002
391.157,0.001
391.373,0.005
391.59,0.001
391.807,0
392.024,0.003
392.241,0.007
392.458,0.002
392.675,0.004
392.892,0.003
393.109,0.004
393.326,0.003
393.543,0.003
393.76,0.004
393.977,0.001
394.194,0.003
394.411,0.002
394.628,0.001
394.845,0.003
395.063,0.003
395.28,0.003
395.497,0.003
395.714,0.003
395.931,0.001
396.148,0.006
396.365,0.004
396.583,0.002
396.8,0
397.017,0.003
397.234,0.003
397.452,0.005
397.669,0.004
397.886,0.003
398.103,0.002
398.321,0.008
398.538,0.001
398.755,0.005
398.973,0.003
399.19,0.004
399.407,0.002
399.625,0.006
399.842,0.004
400.06,0.004
400.277,0.003
400.494,0.004
400.712,0.006
400.929,0.004
401.147,0.004
401.364,0.008
401.582,0.003
401.799,0.003
402.017,0.007
402.234,0.005
402.452,0.005
402.669,0.011
402.887,0.01
403.105,0.02
403.322,0.068
403.54,0.34
403.757,0.819
403.975,1.058
404.193,0.958
404.41,0.783
404.628,0.587
404.846,0.356
405.063,0.16
405.281,0.061
405.499,0.029
405.717,0.015
405.934,0.012
406.152,0.012
406.37,0.011
406.588,0.091
406.805,0.148
407.023,0.143
407.241,0.119
407.459,0.095
407.677,0.068
407.895,0.033
408.113,0.016
408.33,0.007
408.548,0.007
408.766,0.004
408.984,0.006
409.202,0.004
409.42,0.009
409.638,0.004
409.856,0.006
410.074,0.005
410.292,0.007
410.51,0.001
410.728,0.002
410.946,0.004
411.164,0.005
411.382,0.001
411.6,0.005
411.818,0
412.037,0.002
412.255,0.004
412.473,0.005
412.691,0.002
412.909,0.003
413.127,0.002
413.345,0.006
413.564,0.003
413.782,0.004
414,0.001
414.218,0.004
414.437,0.001
414.655,0.005
414.873,0.004
415.091,0.004
415.31,0.002
415.528,0.008
415.746,0.004
415.965,0.004
416.183,0
416.401,0.002
416.62,0.003
416.838,0.004
417.057,0.004
417.275,0
417.493,-0.001
417.712,0.003
417.93,0.004
418.149,0.005
418.367,0.001
418.586,0.003
418.804,0.005
419.023,0.007
419.241,0.004
419.46,0.006
419.678,0.001
419.897,0.006
420.116,0.005
420.334,0.004
420.553,0.001
420.771,0.006
420.99,0.003
421.209,0.002
421.427,0.001
421.646,0.004
421.865,0.004
422.083,0.008
422.302,0.003
422.521,0.002
422.739,0.003
422.958,0.001
423.177,0.003
423.396,0.003
423.615,0.001
423.833,0.002
424.052,0.002
424.271,0.004
424.49,0.003
424.709,0.003
424.927,0.004
425.146,0.006
425.365,0.002
425.584,0.006
425.803,0.004
426.022,0.004
426.241,0.002
426.46,0.004
426.679,0.006
426.898,0.005
427.117,0.002
427.336,0.004
427.555,0.003
427.774,0.005
427.993,0.003
428.212,0.006
428.431,0.004
428.65,0.004
428.869,0.004
429.088,0.004
429.307,0.002
429.526,0.004
429.746,0.003
429.965,0.004
430.184,0.005
430.403,0.006
430.622,0.005
430.841,0.005
431.061,0.005
431.28,0.005
431.499,0.002
431.718,0.007
431.938,0.004
432.157,0.006
432.376,0.007
432.595,0.009
432.815,0.012
433.034,0.022
433.253,0.02
433.473,0.029
433.692,0.042
433.912,0.062
434.131,0.062
434.35,0.075
434.57,0.366
434.789,1.87
435.009,3.313
435.228,3.191
435.448,2.38
435.667,1.71
435.886,1.021
436.106,0.466
436.326,0.177
436.545,0.079
436.765,0.042
436.984,0.032
437.204,0.022
437.423,0.019
437.643,0.018
437.862,0.017
438.082,0.015
438.302,0.015
438.521,0.009
438.741,0.009
438.961,0.008
439.18,0.008
439.4,0.005
439.62,0.005
439.839,0.006
440.059,0.007
440.279,0.006
440.499,0.011
440.718,0.004
440.938,0.005
441.158,0.006
441.378,0.008
441.598,0.004
441.817,0.006
442.037,0.003
442.257,0.006
442.477,0.005
442.697,0.005
442.917,0.003
443.137,0.007
443.357,0.002
443.576,0.004
443.796,0.003
444.016,0.006
444.236,0.003
444.456,0.006
444.676,0.004
444.896,0.003
445.116,0.002
445.336,0.003
445.556,0.003
445.776,0.006
445.996,0.002
446.217,0.004
446.437,0.004
446.657,0.007
446.877,0.003
447.097,0.004
447.317,0.003
447.537,0.004
447.757,0.004
447.978,0.005
448.198,0.003
448.418,0.002
448.638,0.002
448.858,0.003
449.079,0
449.299,0.003
449.519,0.003
449.739,0.004
449.96,0.005
450.18,0.005
450.4,0.002
450.621,0.006
450.841,0.003
451.061,0.003
451.282,0.004
451.502,0.006
451.722,0.004
451.943,0.001
452.163,0.003
452.384,0.003
452.604,0.002
452.825,0.002
453.045,0.002
453.265,0.006
453.486,0.001
453.706,0.003
453.927,0
454.148,0.003
454.368,0.004
454.589,0.003
454.809,0.003
455.03,0.003
455.25,0.002
455.471,0.003
455.691,-0.001
455.912,0.005
456.133,-0.001
456.353,0.003
456.574,0.002
456.795,0.005
457.015,0.002
457.236,0.005
457.457,-0.001
457.678,0.002
457.898,0.003
458.119,0.003
458.34,0.002
458.561,0.005
458.781,0.001
459.002,0.002
459.223,0.002
459.444,0.004
459.665,0.001
459.885,0.004
460.106,0.002
460.327,0.004
460.548,0.001
460.769,0.003
460.99,-0.001
461.211,0.004
461.432,0.001
461.653,0.003
461.874,0.004
462.094,0.004
462.315,0
462.536,0.005
462.757,0
462.978,0
463.199,0.002
463.421,0.002
463.642,0.001
463.863,0
464.084,0.002
464.305,0.003
464.526,0.003
464.747,0.003
464.968,0
465.189,0.002
465.41,0.002
465.632,0.003
465.853,0.002
466.074,0.003
466.295,0.003
466.516,-0.001
466.738,0.005
466.959,0.001
467.18,0.002
467.401,0.002
467.623,0.005
467.844,0.001
468.065,0.005
468.286,0.002
468.508,0.005
468.729,0.003
468.95,0.002
469.172,0.002
469.393,0.001
469.615,0.002
469.836,0.002
470.057,0.002
470.279,0.002
470.5,0.004
470.722,0.003
470.943,0.002
471.165,0.002
471.386,0
471.608,0.004
471.829,0
472.051,0.005
472.272,0.004
472.494,0.004
472.715,0.003
472.937,0.001
473.158,0.002
473.38,0.002
473.602,0.003
473.823,0.008
474.045,0.001
474.266,0.004
474.488,0.004
474.71,0.003
474.931,0.004
475.153,0.006
475.375,0.001
475.596,0.003
475.818,0.001
476.04,0.006
476.262,0.001
476.483,0.004
476.705,-0.001
476.927,0.004
477.149,0.001
477.371,0.004
477.592,-0.001
477.814,0.002
478.036,0.004
478.258,0.004
478.48,0.003
478.702,0.004
478.924,0.001
479.145,0.004
479.367,0.002
479.589,0.003
479.811,0.002
480.033,0.002
480.255,0.003
480.477,0.001
480.699,0.002
480.921,0.002
481.143,0.003
481.365,0.005
481.587,0.001
481.809,0.003
482.031,0.001
482.253,0.001
482.476,0.003
482.698,0.004
482.92,0.002
483.142,0.002
483.364,0.004
483.586,0.004
483.808,0.004
484.03,0.005
484.253,0.001
484.475,0.004
484.697,0.001
484.919,0.003
485.141,0.002
485.364,0.004
485.586,0
485.808,0
486.031,0.003
486.253,0.003
486.475,0.005
486.697,0.001
486.92,0.005
487.142,0.003
487.364,0.002
487.587,0.004
487.809,0
488.032,0.002
488.254,0.002
488.476,0.003
488.699,-0.001
488.921,0.005
489.144,0.001
489.366,0.003
489.589,0.003
489.811,0.003
490.034,0.002
490.256,0.006
490.479,0.002
490.701,0.021
490.924,0.039
491.146,0.037
491.369,0.02
491.591,0.013
491.814,0.006
492.037,0.003
492.259,0.003
492.482,0.005
492.705,0.002
492.927,0.003
493.15,0.003
493.372,0.002
493.595,0.004
493.818,-0.001
494.041,0.002
494.263,0.004
494.486,0.002
494.709,0.006
494.932,0.005
495.154,0.002
495.377,0.002
495.6,0.003
495.823,0.002
496.046,0.003
496.268,0.001
496.491,0.004
496.714,0.001
496.937,0.003
497.16,0.004
497.383,0.001
497.606,0.001
497.829,0
498.051,0
498.274,0.005
498.497,0.002
498.72,0.001
498.943,0.001
499.166,0.001
499.389,0.001
499.612,0.003
499.835,0.002
500.058,0.002
500.281,0.001
500.504,0
500.728,0.002
500.951,0.001
501.174,0.002
501.397,0.003
501.62,0.001
501.843,0.005
502.066,0.001
502.289,0.004
502.512,0.006
502.736,0.001
502.959,0.002
503.182,0.002
503.405,0.003
503.628,0.003
503.852,0.003
504.075,0.004
504.298,0.001
504.522,0.003
504.745,0.001
504.968,0.005
505.191,0.004
505.415,0.002
505.638,0.002
505.861,0.003
506.085,0.003
506.308,0.002
506.531,0.001
506.755,0.003
506.978,0
507.202,0.005
507.425,0.001
507.649,0.005
507.872,0.001
508.095,0.003
508.319,0.002
508.542,0.005
508.766,-0.001
508.989,0.002
509.213,-0.001
509.437,0.003
509.66,0.001
509.884,0
510.107,0.002
510.331,0.005
510.554,-0.001
510.778,0.001
511.002,0.002
511.225,0.002
511.449,0.001
511.672,0.002
511.896,0.004
512.12,0.003
512.344,0.004
512.567,0.002
512.791,0.003
513.015,0.004
513.238,0.001
513.462,0.002
513.686,0
513.91,0.004
514.133,0.002
514.357,0.005
514.581,0.002
514.805,0.004
515.029,0.002
515.253,0.002
515.476,0.001
515.7,0.004
515.924,0.003
516.148,0.002
516.372,0.001
516.596,0.002
516.82,0.001
517.044,0.003
517.268,0.002
517.492,0.004
517.716,-0.002
517.94,0.005
518.164,0.003
518.388,0.003
518.612,0.004
518.836,0.002
519.06,0.002
519.284,0.001
519.508,-0.002
519.732,0.001
519.956,0.003
520.18,0.001
520.404,0.005
520.628,0.001
520.852,0.003
521.076,0.001
521.301,0.003
521.525,0.003
521.749,0.004
521.973,0.004
522.197,0.003
522.422,0.001
522.646,0.002
522.87,0.004
523.094,0.004
523.319,0.001
523.543,0.004
523.767,0.003
523.991,0.003
524.216,0.004
524.44,0.006
524.664,0.003
524.889,0.002
525.113,0.002
525.337,0.004
525.562,-0.002
525.786,0.002
526.011,0.005
526.235,0.002
526.459,0.001
526.684,0.006
526.908,0.003
527.133,0.004
527.357,0.002
527.582,0.003
527.806,0.001
528.031,0.006
528.255,0.003
528.48,0.003
528.704,0.002
528.929,0.003
529.154,0.003
529.378,0.003
529.603,0.001
529.827,0.005
530.052,0.001
530.277,0.005
530.501,0.003
530.726,0.002
530.95,0.001
531.175,0.003
531.4,0.003
531.625,0.004
531.849,-0.001
532.074,0.003
532.299,0.003
532.523,0.004
532.748,0.002
532.973,0.005
533.198,0
533.422,0.004
533.647,0.002
533.872,0.006
534.097,0.004
534.322,0.006
534.547,0.002
534.771,0.005
534.996,0.004
535.221,0.002
535.446,0.004
535.671,0.005
535.896,0.005
536.121,0.003
536.346,0.005
536.571,0.007
536.796,0.003
537.021,0.004
537.246,0.004
537.471,0.007
537.696,0.003
537.921,0.006
538.146,0.007
538.371,0.003
538.596,0.002
538.821,0.005
539.046,0.005
539.271,0.005
539.496,0.005
539.721,0.007
539.946,0.005
540.171,0.004
540.397,0.005
540.622,0.008
540.847,0.004
541.072,0.006
541.297,0.007
541.523,0.008
541.748,0.009
541.973,0.01
542.198,0.008
542.423,0.011
542.649,0.012
542.874,0.014
543.099,0.014
543.325,0.019
543.55,0.021
543.775,0.022
544.001,0.026
544.226,0.032
544.451,0.039
544.677,0.057
544.902,0.155
545.127,2.319
545.353,5
545.578,5
545.804,5
546.029,5
546.254,3.879
546.48,2.114
546.705,0.261
546.931,0.154
547.156,0.092
547.382,0.08
547.607,0.06
547.833,0.059
548.058,0.048
548.284,0.046
548.51,0.041
548.735,0.036
548.961,0.034
549.186,0.035
549.412,0.028
549.638,0.03
549.863,0.026
550.089,0.025
550.314,0.022
550.54,0.022
550.766,0.018
550.991,0.02
551.217,0.017
551.443,0.015
551.669,0.016
551.894,0.015
552.12,0.013
552.346,0.014
552.572,0.013
552.797,0.011
553.023,0.011
553.249,0.015
553.475,0.012
553.701,0.013
553.926,0.007
554.152,0.011
554.378,0.011
554.604,0.008
554.83,0.008
555.056,0.01
555.282,0.011
555.508,0.007
555.734,0.007
555.959,0.009
556.185,0.006
556.411,0.008
556.637,0.006
556.863,0.009
557.089,0.005
557.315,0.009
557.541,0.007
557.767,0.009
557.993,0.007
558.219,0.006
558.446,0.006
558.672,0.007
558.898,0.006
559.124,0.007
559.35,0.007
559.576,0.006
559.802,0.005
560.028,0.006
560.254,0.008
560.481,0.006
560.707,0.002
560.933,0.007
561.159,0.007
561.385,0.009
561.612,0.005
561.838,0.006
562.064,0.005
562.29,0.006
562.517,0.005
562.743,0.003
562.969,0.005
563.195,0.004
563.422,0.004
563.648,0.005
563.874,0.005
564.101,0.005
564.327,0.006
564.553,0.005
564.78,0.003
565.006,0.004
565.233,0.004
565.459,0.002
565.686,0.007
565.912,0.005
566.138,0.004
566.365,0.006
566.591,0.006
566.818,0.003
567.044,0.004
567.271,0.006
567.497,0.005
567.724,0.005
567.95,0.006
568.177,0.008
568.403,0.001
568.63,0.006
568.857,0.007
569.083,0.008
569.31,0.004
569.536,0.005
569.763,0.006
569.99,0.006
570.216,0.006
570.443,0.004
570.67,0.006
570.896,0.005
571.123,0.003
571.35,0.007
571.577,0.005
571.803,0.007
572.03,0.006
572.257,0.003
572.484,0.005
572.71,0.009
572.937,0.004
573.164,0.009
573.391,0.007
573.617,0.008
573.844,0.007
574.071,0.008
574.298,0.009
574.525,0.007
574.752,0.009
574.979,0.009
575.206,0.011
575.432,0.016
575.659,0.017
575.886,0.039
576.113,0.434
576.34,2.266
576.567,3.332
576.794,2.278
577.021,1.107
577.248,0.541
577.475,0.135
577.702,0.081
577.929,0.226
578.156,1.739
578.383,3.359
578.61,2.911
578.837,1.448
579.065,0.698
579.292,0.362
579.519,0.181
579.746,0.089
579.973,0.048
580.2,0.037
580.427,0.027
580.654,0.025
580.882,0.017
581.109,0.02
581.336,0.017
581.563,0.021
581.79,0.014
582.018,0.017
582.245,0.011
582.472,0.014
582.699,0.01
582.927,0.013
583.154,0.011
583.381,0.013
583.609,0.012
583.836,0.009
584.063,0.006
584.291,0.008
584.518,0.009
584.745,0.009
584.973,0.006
585.2,0.01
585.428,0.008
585.655,0.008
585.882,0.006
586.11,0.005
586.337,0.006
586.565,0.007
586.792,0.005
587.02,0.005
587.247,0.003
587.475,0.009
587.702,0.004
587.93,0.009
588.157,0.004
588.385,0.007
588.612,0.006
588.84,0.007
589.067,0.007
589.295,0.006
589.523,0.005
589.75,0.006
589.978,0.004
590.205,0.003
590.433,0.002
590.661,0.005
590.888,0.003
591.116,0.006
591.344,0.001
591.572,0.005
591.799,0.004
592.027,0.006
592.255,0.004
592.482,0.005
592.71,0.002
592.938,0.005
593.166,0.003
593.394,0.005
593.621,0.002
593.849,0.007
594.077,0.003
594.305,0.007
594.533,0.006
594.76,0.003
594.988,0.002
595.216,0.004
595.444,0.006
595.672,0.005
595.9,0.004
596.128,0.003
596.356,0.004
596.584,0.005
596.812,0.003
597.04,0.004
597.268,0.004
597.496,0.005
597.724,0.004
597.952,0.004
598.18,0.006
598.408,0.006
598.636,0.003
598.864,0.005
599.092,0.002
599.32,0.002
599.548,0
599.776,0.003
600.004,0.002
600.232,0.006
600.46,0.004
600.689,0.003
600.917,0.003
601.145,0.003
601.373,0.002
601.601,0.005
601.829,0.003
602.058,0.005
602.286,0.003
602.514,0.004
602.742,0.008
602.971,0.007
603.199,0.001
603.427,0.007
603.655,0.002
603.884,0.003
604.112,0.004
604.34,0.003
604.569,0.004
604.797,0.003
605.025,0.003
605.254,0.004
605.482,0.002
605.71,0.004
605.939,0.002
606.167,0.002
606.396,0.003
606.624,0.004
606.853,0.004
607.081,0.003
607.309,0.004
607.538,0.006
607.766,0.001
607.995,0.004
608.223,0.003
608.452,0.002
608.68,0.005
608.909,0.002
609.137,0.002
609.366,0.004
609.595,0.004
609.823,0.005
610.052,0
610.28,0.005
610.509,0.002
610.738,0.006
610.966,0.004
611.195,0.005
611.424,0.003
611.652,0.006
611.881,0.005
612.11,0.006
612.338,0.003
612.567,0.005
612.796,0.005
613.024,0.003
613.253,0.004
613.482,0.006
613.711,0.001
613.939,0.001
614.168,0
614.397,0.003
614.626,0.003
614.855,0.006
615.083,0.001
615.312,0.005
615.541,0.002
615.77,0.004
615.999,0.001
616.228,0.004
616.457,0.003
616.686,0.005
616.914,0.003
617.143,0.005
617.372,0.003
617.601,0.002
617.83,0.004
618.059,0.007
618.288,0.003
618.517,0.001
618.746,0.004
618.975,0.005
619.204,0.002
619.433,0.003
619.662,0.003
619.891,0.006
620.12,0.005
620.35,0.005
620.579,0.002
620.808,0.003
621.037,0.005
621.266,0.007
621.495,0.004
621.724,0.006
621.953,0.003
622.183,0.006
622.412,0.002
622.641,0.004
622.87,0.003
623.099,0.006
623.329,0.004
623.558,0.002
623.787,0.003
624.016,0.005
624.245,0.001
624.475,0.001
624.704,0.002
624.933,0.004
625.163,0.003
625.392,0.003
625.621,0.004
625.851,0.001
626.08,0.001
626.309,0.003
626.539,0.005
626.768,0.005
626.997,0.003
627.227,0.001
627.456,0.001
627.686,0.002
627.915,0.002
628.145,0.004
628.374,0.001
628.603,0.003
628.833,0.003
629.062,0.003
629.292,0.001
629.521,0.006
629.751,0.006
629.98,0.005
630.21,0.003
630.44,0.004
630.669,0.002
630.899,0.001
631.128,0.003
631.358,0.003
631.587,0.003
631.817,0.003
632.047,0.004
632.276,0.004
632.506,0.003
632.736,0.003
632.965,0.001
633.195,0.004
633.425,0.004
633.654,0.004
633.884,0.004
634.114,0.006
634.344,0.003
634.573,0.002
634.803,0.002
635.033,0.005
635.263,0.002
635.492,0.004
635.722,-0.002
635.952,0.004
636.182,0.007
636.412,0.001
636.641,0.003
636.871,0.002
637.101,0.004
637.331,0.004
637.561,0.003
637.791,0.003
638.021,0.005
638.251,0.001
638.481,0.004
638.71,0.002
638.94,0.002
639.17,0.001
639.4,0.004
639.63,0.003
639.86,0.003
640.09,0.004
640.32,0.005
640.55,0.002
640.78,0.006
641.01,0.003
641.24,0.003
641.471,0.001
641.701,0.004
641.931,0.001
642.161,0.004
642.391,0.002
642.621,0.003
642.851,0
643.081,0.002
643.311,0.001
643.542,0.004
643.772,0.003
644.002,0.002
644.232,0.002
644.462,0
644.692,0.001
644.923,0.004
645.153,0.001
645.383,0.002
645.613,0
645.844,0.003
646.074,0
646.304,0.005
646.535,0.001
646.765,0.003
646.995,-0.001
647.225,0.002
647.456,0.002
647.686,0.003
647.917,0.001
648.147,0.002
648.377,0.004
648.608,0.001
648.838,0.002
649.068,0.003
649.299,0.004
649.529,0.003
649.76,0.003
649.99,0.002
650.221,0.002
650.451,0.004
650.682,0
650.912,0.003
651.143,0.003
651.373,0.001
651.604,0
651.834,0.002
652.065,0.001
652.295,0.002
652.526,0.002
652.756,0.001
652.987,0.004
653.218,0.001
653.448,0.003
653.679,0.003
653.909,0
654.14,0.003
654.371,0.003
654.601,0.004
654.832,0.002
655.063,0.005
655.293,0.003
655.524,0.001
655.755,0.004
655.986,0.006
656.216,0.001
656.447,0
656.678,0.002
656.909,0.004
657.139,0.001
657.37,0.004
657.601,0.003
657.832,0.003
658.063,0.004
658.293,0.001
658.524,0.002
658.755,0.003
658.986,0.001
659.217,0.003
659.448,0.004
659.679,0.002
659.91,0.004
660.14,0.005
660.371,0.002
660.602,0.001
660.833,0.001
661.064,0.003
661.295,0
661.526,0.002
661.757,0.002
661.988,0
662.219,0.002
662.45,0.003
662.681,0
662.912,0.003
663.143,0
663.374,0.003
663.605,0.002
663.836,0.001
664.068,0.003
664.299,0.006
664.53,-0.004
664.761,0.005
664.992,0.001
665.223,0.003
665.454,0.001
665.685,0.004
665.917,0.001
666.148,0.002
666.379,0.002
666.61,0.002
666.841,0.005
667.073,0.01
667.304,0.012
667.535,0.01
667.766,0.005
667.998,0.009
668.229,0.003
668.46,0.004
668.692,0.003
668.923,0.002
669.154,0.003
669.386,0.002
669.617,0.002
669.848,0
670.08,0.001
670.311,0.002
670.542,0.002
670.774,0.001
671.005,0.003
671.237,0.006
671.468,0.005
671.699,0.004
671.931,0.002
672.162,0.006
672.394,0
672.625,0.002
672.857,0
673.088,0.003
673.32,-0.002
673.551,0.001
673.783,0.001
674.014,0.003
674.246,0.001
674.477,0.005
674.709,0.003
674.94,0.006
675.172,0.001
675.404,0.006
675.635,0.002
675.867,0.006
676.099,0.002
676.33,0.003
676.562,0.001
676.793,0.005
677.025,0
677.257,0.003
677.489,0.003
677.72,0.003
677.952,0.004
678.184,0.001
678.415,0.005
678.647,0.001
678.879,0.001
679.111,0.004
679.342,0
679.574,0.006
679.806,0.001
680.038,0.002
680.27,0.003
680.501,0.004
680.733,-0.001
680.965,0.002
681.197,0.005
681.429,0.002
681.661,0.001
681.893,0.001
682.124,0.004
682.356,0.005
682.588,0
682.82,0.002
683.052,0
683.284,0.001
683.516,-0.001
683.748,0.002
683.98,0.003
684.212,0.001
684.444,0.002
684.676,0.003
684.908,0.001
685.14,0.002
685.372,0.003
685.604,0.004
685.836,0.004
686.068,0.002
686.3,0.004
686.532,0.006
686.764,0.005
686.997,0.007
687.229,0.004
687.461,0.002
687.693,0.002
687.925,0.003
688.157,0
688.389,0.006
688.622,0.002
688.854,0.006
689.086,-0.001
689.318,0.002
689.55,0.006
689.783,0.002
690.015,0.016
690.247,0.029
690.479,0.023
690.712,0.017
690.944,0.008
691.176,0.006
691.409,0.004
691.641,0.006
691.873,0.004
692.106,0.005
692.338,0.002
692.57,0.006
692.803,0.003
693.035,0.006
693.267,0.001
693.5,0.006
693.732,0.003
693.965,0.004
694.197,0.003
694.429,0.006
694.662,0.005
694.894,0.005
695.127,0.012
695.359,0.052
695.592,0.308
695.824,0.605
696.057,0.53
696.289,0.293
696.522,0.189
696.754,0.132
696.987,0.105
697.219,0.081
697.452,0.069
697.685,0.058
697.917,0.049
698.15,0.034
698.382,0.024
698.615,0.012
698.848,0.009
699.08,0.007
699.313,0.006
699.545,0.007
699.778,0.006
700.011,0.002
700.244,0.004
700.476,0.005
700.709,0.005
700.942,0.003
701.174,0.003
701.407,0.002
701.64,0.004
701.873,0.004
702.105,0.005
702.338,0.007
702.571,0.005
702.804,0.006
703.037,0.004
703.269,0.005
703.502,0.004
703.735,0.003
703.968,0.001
704.201,0.001
704.434,0.003
704.666,-0.001
704.899,0.006
705.132,0.003
705.365,0.006
705.598,0.019
705.831,0.108
706.064,0.184
706.297,0.15
706.53,0.085
706.763,0.054
706.996,0.044
707.229,0.032
707.462,0.029
707.695,0.027
707.928,0.021
708.161,0.019
708.394,0.017
708.627,0.015
708.86,0.009
709.093,0.007
709.326,0.005
709.559,0.008
709.792,0
710.025,0.008
710.258,0.002
710.492,0.003
710.725,0.006
710.958,0.002
711.191,0.003
711.424,0.006
711.657,0.003
711.891,0.003
712.124,0.003
712.357,0.001
712.59,0
712.823,0.004
713.057,0.001
713.29,0.005
713.523,0.003
713.756,0.01
713.99,0.022
714.223,0.024
714.456,0.014
714.69,0.01
714.923,0.008
715.156,0.008
715.39,0.006
715.623,0.005
715.856,0.003
716.09,0.005
716.323,0.004
716.556,0.004
716.79,0.004
717.023,0.003
717.257,0.003
717.49,0
717.723,0.001
717.957,0.004
718.19,0.003
718.424,0.003
718.657,0.001
718.891,0.002
719.124,0.001
719.358,0.003
719.591,0.002
719.825,0.004
720.058,0.001
720.292,0.003
720.525,0.003
720.759,0.002
720.993,0
721.226,0.004
721.46,0.002
721.693,0
721.927,0.003
722.161,0.004
722.394,0.003
722.628,0.003
722.861,0.002
723.095,0.003
723.329,0.003
723.563,0.003
723.796,0
724.03,0.001
724.264,0.001
724.497,0.004
724.731,0.006
724.965,0.006
725.199,0
725.432,0.003
725.666,0.002
725.9,0.005
726.134,0.008
726.367,0.052
726.601,0.12
726.835,0.134
727.069,0.084
727.303,0.054
727.537,0.035
727.77,0.031
728.004,0.024
728.238,0.021
728.472,0.019
728.706,0.013
728.94,0.013
729.174,0.013
729.408,0.009
729.642,0.009
729.876,0.004
730.11,0.004
730.344,0.003
730.578,0.004
730.811,-0.001
731.045,0.003
731.279,0.004
731.514,0.005
731.748,0.004
731.982,0.002
732.216,0.003
732.45,0.001
732.684,0.004
732.918,0.003
733.152,0.003
733.386,0.004
733.62,0.001
733.854,0.002
734.088,0.001
734.322,0.005
734.557,0.004
734.791,0.005
735.025,0.004
735.259,0.004
735.493,0.003
735.727,0.002
735.962,0.001
736.196,0.004
736.43,0.003
736.664,0.008
736.899,0.006
737.133,0.01
737.367,0.045
737.601,0.182
737.836,0.313
738.07,0.264
738.304,0.153
738.538,0.107
738.773,0.079
739.007,0.066
739.241,0.051
739.476,0.041
739.71,0.036
739.945,0.031
740.179,0.022
740.413,0.023
740.648,0.019
740.882,0.013
741.117,0.01
741.351,0.004
741.585,0.006
741.82,0.007
742.054,0.002
742.289,0.006
742.523,0.001
742.758,0.005
742.992,0.002
743.227,0.004
743.461,0.003
743.696,0.006
743.93,0.003
744.165,0.003
744.399,0.003
744.634,0.006
744.868,0.004
745.103,0
745.338,0.002
745.572,0.004
745.807,0.005
746.041,0
746.276,0.004
746.511,0.005
746.745,0.004
746.98,0.004
747.215,0.003
747.449,0.003
747.684,0.004
747.919,0.007
748.153,0.005
748.388,0.005
748.623,0.01
748.858,0.014
749.092,0.024
749.327,0.103
749.562,0.425
749.797,0.903
750.031,0.905
750.266,0.577
750.501,0.439
750.736,0.475
750.971,0.522
751.205,0.421
751.44,0.292
751.675,0.234
751.91,0.183
752.145,0.154
752.38,0.133
752.615,0.115
752.85,0.094
753.084,0.073
753.319,0.054
753.554,0.045
753.789,0.034
754.024,0.023
754.259,0.017
754.494,0.012
754.729,0.007
754.964,0.003
755.199,0.006
755.434,0.004
755.669,0.006
755.904,0.003
756.139,0.005
756.374,0.004
756.609,0.007
756.844,0.004
757.079,0.005
757.314,0.005
757.549,0.005
757.785,0.003
758.02,0.005
758.255,0.002
758.49,0.005
758.725,0.007
758.96,0.006
759.195,0.006
759.43,0.005
759.666,0.003
759.901,0.004
760.136,0.005
760.371,0.01
760.606,0.005
760.842,0.006
761.077,0.005
761.312,0.011
761.547,0.008
761.783,0.018
762.018,0.032
762.253,0.13
762.488,0.575
762.724,1.23
762.959,1.23
763.194,0.783
763.43,0.53
763.665,0.395
763.9,0.316
764.136,0.259
764.371,0.216
764.606,0.19
764.842,0.155
765.077,0.133
765.313,0.112
765.548,0.098
765.783,0.09
766.019,0.075
766.254,0.053
766.49,0.039
766.725,0.024
766.961,0.017
767.196,0.007
767.432,0.008
767.667,0.008
767.903,0.007
768.138,0.007
768.374,0.007
768.609,0.004
768.845,0.007
769.08,0.007
769.316,0.008
769.552,0.005
769.787,0.008
770.023,0.007
770.258,0.006
770.494,0.007
770.73,0.014
770.965,0.02
771.201,0.076
771.436,0.313
771.672,0.62
771.908,0.606
772.143,0.386
772.379,0.266
772.615,0.199
772.85,0.165
773.086,0.14
773.322,0.111
773.558,0.099
773.793,0.083
774.029,0.072
774.265,0.059
774.501,0.054
774.736,0.049
774.972,0.042
775.208,0.031
775.444,0.024
775.68,0.014
775.915,0.012
776.151,0.003
776.387,0.007
776.623,0.004
776.859,0.007
777.095,0.002
777.331,0.004
777.567,0.002
777.802,0.005
778.038,0.003
778.274,0.005
778.51,0.002
778.746,0.005
778.982,0.004
779.218,0.004
779.454,0.005
779.69,0.004
779.926,0.005
780.162,0.005
780.398,0.001
780.634,0.003
780.87,0.004
781.106,0.001
781.342,0.001
781.578,0.001
781.814,0.002
782.05,0.002
782.286,0.002
782.522,0.002
782.758,0.004
782.995,0.002
783.231,0
783.467,0.004
783.703,0.003
783.939,0.004
784.175,0.002
784.411,0.005
784.648,0.003
784.884,0.004
785.12,0.002
785.356,0.003
785.592,0.001
785.829,0.002
786.065,0
786.301,0.006
786.537,0.002
786.774,0
787.01,0
787.246,0.005
787.482,0.003
787.719,0.004
787.955,0.001
788.191,0.002
788.428,0
788.664,0.002
788.9,0.002
789.137,0.002
789.373,0.004
789.609,0.003
789.846,0.002
790.082,0.004
790.318,0.003
790.555,0.004
790.791,0.003
791.028,0.005
791.264,0.003
791.501,0.003
791.737,0.002
791.973,0.004
792.21,0.006
792.446,0.002
792.683,0.001
792.919,0.007
793.156,0.005
793.392,0.009
793.629,0.03
793.865,0.115
794.102,0.249
794.339,0.272
794.575,0.181
794.812,0.123
795.048,0.098
795.285,0.078
795.521,0.066
795.758,0.055
795.995,0.045
796.231,0.045
796.468,0.035
796.705,0.033
796.941,0.027
797.178,0.024
797.415,0.02
797.651,0.025
797.888,0.019
798.125,0.014
798.361,0.013
798.598,0.011
798.835,0.006
799.072,0.011
799.308,0.011
799.545,0.042
799.782,0.121
800.019,0.193
800.255,0.186
800.492,0.164
800.729,0.24
800.966,0.27
801.203,0.201
801.439,0.142
801.676,0.112
801.913,0.092
802.15,0.079
802.387,0.069
802.624,0.058
802.861,0.05
803.097,0.043
803.334,0.038
803.571,0.034
803.808,0.03
804.045,0.025
804.282,0.024
804.519,0.017
804.756,0.016
804.993,0.011
805.23,0.009
805.467,0.006
805.704,0.008
805.941,0.006
806.178,0.005
806.415,0.004
806.652,0.003
806.889,0.003
807.126,0.006
807.363,0.002
807.6,0.005
807.837,0.003
808.074,0.005
808.311,0.005
808.548,0.008
808.785,0.009
809.023,0.014
809.26,0.042
809.497,0.141
809.734,0.266
809.971,0.28
810.208,0.209
810.445,0.222
810.683,0.417
810.92,0.689
811.157,0.665
811.394,0.446
811.631,0.325
811.869,0.259
812.106,0.217
812.343,0.186
812.58,0.156
812.818,0.135
813.055,0.124
813.292,0.105
813.53,0.093
813.767,0.079
814.004,0.064
814.241,0.059
814.479,0.051
814.716,0.047
814.953,0.037
815.191,0.03
815.428,0.017
815.666,0.009
815.903,0.007
816.14,0.003
816.378,0.007
816.615,0.006
816.853,0.007
817.09,0.004
817.327,0.004
817.565,0.004
817.802,0.005
818.04,0.004
818.277,0.004
818.515,-0.001
818.752,0.003
818.99,0.002
819.227,0.003
819.465,0.001
819.702,0.002
819.94,0.003
820.177,0.003
820.415,0.003
820.652,0.007
820.89,0.002
821.128,0.002
821.365,0.003
821.603,0.003
821.84,0.005
822.078,0.005
822.316,0.002
822.553,0.003
822.791,0
823.029,0.003
823.266,0.003
823.504,0.003
823.742,0.004
823.979,0.003
824.217,0.003
824.455,0.005
824.692,0.011
824.93,0.023
825.168,0.07
825.406,0.218
825.643,0.386
825.881,0.389
826.119,0.268
826.357,0.189
826.594,0.146
826.832,0.127
827.07,0.109
827.308,0.096
827.546,0.082
827.783,0.073
828.021,0.066
828.259,0.055
828.497,0.051
828.735,0.046
828.973,0.038
829.211,0.034
829.448,0.028
829.686,0.032
829.924,0.023
830.162,0.02
830.4,0.013
830.638,0.011
830.876,0.008
831.114,0.006
831.352,0.004
831.59,0.004
831.828,0.002
832.066,0.003
832.304,0
832.542,0.001
832.78,0.006
833.018,0.005
833.256,0.002
833.494,0.004
833.732,0.005
833.97,0.003
834.208,0
834.446,0.002
834.684,0.003
834.922,0.005
835.161,0.002
835.399,0.005
835.637,0.001
835.875,0.006
836.113,0.004
836.351,0.001
836.589,0.004
836.827,0.003
837.066,0.001
837.304,0.003
837.542,0.004
837.78,0.004
838.018,0.002
838.257,0.005
838.495,0.002
838.733,0.007
838.971,0.008
839.21,0.013
839.448,0.026
839.686,0.086
839.924,0.2
840.163,0.281
840.401,0.231
840.639,0.155
840.878,0.129
841.116,0.124
841.354,0.174
841.593,0.291
841.831,0.349
842.069,0.279
842.308,0.201
842.546,0.165
842.784,0.134
843.023,0.117
843.261,0.101
843.5,0.087
843.738,0.073
843.977,0.07
844.215,0.064
844.453,0.059
844.692,0.05
844.93,0.045
845.169,0.036
845.407,0.031
845.646,0.026
845.884,0.021
846.123,0.022
846.361,0.018
846.6,0.012
846.838,0.015
847.077,0.006
847.315,0.007
847.554,0.004
847.793,0.004
848.031,0.003
848.27,0.007
848.508,0.004
848.747,0.002
848.986,0.003
849.224,0.002
849.463,0.001
849.701,0.007
849.94,0.001
850.179,0.001
850.417,0.006
850.656,0.009
850.895,0.02
851.134,0.056
851.372,0.106
851.611,0.12
851.85,0.085
852.088,0.06
852.327,0.048
852.566,0.04
852.805,0.033
853.043,0.032
853.282,0.027
853.521,0.024
853.76,0.02
853.998,0.02
854.237,0.015
854.476,0.016
854.715,0.014
854.954,0.016
855.193,0.009
855.431,0.012
855.67,0.008
855.909,0.009
856.148,0.007
856.387,0.008
856.626,0.006
856.865,0.005
857.104,0.002
857.343,0.006
857.581,0.004
857.82,0.005
858.059,0.002
858.298,0.001
858.537,-0.001
858.776,0.002
859.015,0.002
859.254,0.003
859.493,0.004
859.732,0.006
859.971,0.001
860.21,0.002
860.449,0.001
860.688,0.005
860.927,0.003
861.166,0.003
861.405,0
861.645,0.002
861.884,0.002
862.123,0.001
862.362,0.002
862.601,0.001
862.84,0.002
863.079,0
863.318,0.001
863.557,0.001
863.797,0.002
864.036,0.002
864.275,0.003
864.514,0.001
864.753,0.003
864.992,0
865.232,0.005
865.471,0.004
865.71,0.004
865.949,0.013
866.189,0.018
866.428,0.015
866.667,0.01
866.906,0.007
867.146,0.006
867.385,0.006
867.624,0.006
867.863,0.007
868.103,0.003
868.342,0.007
868.581,0.005
868.821,0.005
869.06,0.003
869.299,0.005
869.539,0.003
869.778,0.005
870.018,0.002
870.257,0.005
870.496,0.004
870.736,0.004
870.975,0.004
871.215,0
871.454,0.006
871.693,0.001
871.933,0
872.172,0.001
872.412,0.001
872.651,0.002
872.891,0.002
873.13,0.001
873.37,0.005
873.609,0.001
873.849,0.003
874.088,0.001
874.328,0.001
874.567,0.003
874.807,0.001
875.046,0.003
875.286,0
875.525,0.003
875.765,0.001
876.005,0.002
876.244,0.001
876.484,0.001
876.723,0.004
876.963,0.001
877.203,0.001
877.442,0.001
877.682,0.001
877.922,0
878.161,0.003
878.401,0.004
878.641,0.004
878.88,0.002
879.12,0
879.36,0.002
879.599,0.005
879.839,0.001
880.079,0.001
880.319,0.002
880.558,0.002
880.798,-0.001
881.038,0.003
881.278,0.001
881.517,0.005
881.757,0
881.997,0.003
882.237,0.001
882.477,0
882.716,0.001
882.956,0.003
883.196,0.003
883.436,0.004
883.676,-0.001
883.916,0.003
884.156,0.002
884.395,0.003
884.635,0.002
884.875,0
885.115,0
885.355,0.003
885.595,0.001
885.835,0
886.075,0
886.315,-0.001
886.555,0.001
886.795,-0.001
887.035,0.002
887.275,0.001
887.515,0.002
887.755,0.002
887.995,0.002
888.235,0.002
888.475,0.002
888.715,0.002
888.955,0.001
889.195,0.002
889.435,-0.001
889.675,0
889.915,0.001
890.155,0.001
890.395,0
890.635,0.001
890.875,0
891.116,0.002
891.356,0.001
891.596,0.004
891.836,0.001
892.076,0.003
892.316,-0.001
892.556,0
892.797,0
893.037,0.004
893.277,0.001
893.517,0.002
893.757,-0.001
893.998,0.001
894.238,0.001
894.478,0.002
894.718,0
894.959,0.001
895.199,0
895.439,0.001
895.679,0
895.92,0
896.16,0.002
896.4,0
896.641,0.003
896.881,0.002
897.121,0.001
897.362,0.002
897.602,0.001
897.842,0.003
898.083,0.001
898.323,0.004
898.563,0.003
898.804,0.002
899.044,0.001
899.284,0.002
899.525,0.001
899.765,0.002
900.006,0.002
900.246,0.003
900.487,0
900.727,0.003
900.968,0
901.208,0
901.448,0
901.689,0.003
901.929,0.001
902.17,0
902.41,0.001
902.651,0.003
902.891,0.002
903.132,0.005
903.373,0.002
903.613,0.003
903.854,-0.002
904.094,0.001
904.335,0.003
904.575,0.003
904.816,0.002
905.057,0.003
905.297,0.001
905.538,0.005
905.778,0.002
906.019,0.004
906.26,0.001
906.5,0.004
906.741,0.001
906.982,0.001
907.222,0
907.463,0.004
907.704,0.002
907.944,0.004
908.185,-0.003
908.426,0.001
908.666,0.003
908.907,0.003
909.148,0.001
909.389,0.002
909.629,0.004
909.87,0.004
910.111,0.007
910.352,0.01
910.593,0.016
910.833,0.036
911.074,0.092
911.315,0.206
911.556,0.328
911.797,0.327
912.037,0.232
912.278,0.178
912.519,0.15
912.76,0.128
913.001,0.115
913.242,0.1
913.483,0.089
913.724,0.085
913.964,0.072
914.205,0.066
914.446,0.058
914.687,0.056
914.928,0.05
915.169,0.045
915.41,0.04
915.651,0.037
915.892,0.033
916.133,0.031
916.374,0.03
916.615,0.027
916.856,0.022
917.097,0.021
917.338,0.019
917.579,0.02
917.82,0.013
918.061,0.012
918.302,0.008
918.543,0.011
918.784,0.004
919.025,0.005
919.266,0.003
919.507,0.008
919.748,0.003
919.99,0.004
920.231,0.006
920.472,0.007
920.713,0.007
920.954,0.009
921.195,0.012
921.436,0.031
921.678,0.052
921.919,0.061
922.16,0.046
922.401,0.037
922.642,0.03
922.883,0.025
923.125,0.022
923.366,0.021
923.607,0.019
923.848,0.017
924.09,0.014
924.331,0.015
924.572,0.012
924.813,0.013
925.055,0.015
925.296,0.012
925.537,0.008
925.779,0.006
926.02,0.008
926.261,0.006
926.502,0.007
926.744,0.007
926.985,0.006
927.226,0.006
927.468,0.005
927.709,0.009
927.951,0.004
928.192,0.005
928.433,0.003
928.675,0.004
928.916,0.002
929.158,0.004
929.399,0
929.64,0.003
929.882,-0.001
930.123,0.002
930.365,0.001
930.606,0.004
930.848,0.001
931.089,0.004
931.331,-0.001
931.572,0.002
931.814,0.004
932.055,0.002
932.297,0.002
932.538,0.003
932.78,0.001
933.021,0.001
933.263,0.002
933.504,0.001
933.746,0
933.987,0.003
934.229,0
934.471,0.001
934.712,0.004
934.954,0.006
935.195,0.001
935.437,0.004
935.679,0.002
935.92,0.005
936.162,0
936.404,0.003
936.645,0.001
936.887,0.003
937.129,0.001
937.37,0.007
937.612,0.002
937.854,0.003
938.095,0.003
938.337,0.002
938.579,0.003
938.82,0.001
939.062,-0.001
939.304,0
939.546,0
939.787,0
940.029,0.001
940.271,0
940.513,0
940.755,0
940.996,0
941.238,0.001
941.48,0.002
941.722,0
941.964,0.004
942.206,0
942.447,0
942.689,0.002
942.931,0.003
943.173,0.001
943.415,0.001
943.657,0.001
943.899,0.002
944.141,0.003
944.382,0.002
944.624,0
944.866,0
945.108,0
945.35,0.001
945.592,0
945.834,0.002
946.076,-0.001
946.318,0.001
946.56,0
946.802,0.004
947.044,0.002
947.286,0.003
947.528,0.003
947.77,0.002
948.012,0.002
948.254,0.003
948.496,0
948.738,0.005
948.98,0.003
949.222,0.003
949.464,-0.002
949.706,0.003
949.949,-0.001
950.191,0.004
950.433,0.001
950.675,0.002
950.917,0
951.159,0.001
951.401,-0.001
951.643,0.004
951.886,0
952.128,0.002
952.37,0.001
952.612,0.003
952.854,0.001
953.096,0.002
953.339,0.001
953.581,0.001
953.823,0
954.065,0.001
954.308,0.001
954.55,0.003
954.792,0.002
955.034,0.005
955.277,0.001
955.519,0.003
955.761,-0.001
956.003,0.003
956.246,0
956.488,0
956.73,0.002
956.973,0.002
957.215,0.001
957.457,-0.001
957.7,-0.001
957.942,0.001
958.184,0.001
958.427,0.003
958.669,0
958.911,0.001
959.154,-0.003
959.396,-0.001
959.639,0.001
959.881,0.004
960.123,-0.002
960.366,0.001
960.608,0.001
960.851,0.002
961.093,0.001
961.336,0.003
961.578,0.001
961.821,0.002
962.063,0
962.306,-0.002
962.548,0.003
962.791,0.001
963.033,0
963.276,0.003
963.518,0.001
963.761,0.003
964.003,0.006
964.246,0.006
964.488,0.016
964.731,0.027
964.973,0.04
965.216,0.043
965.459,0.031
965.701,0.023
965.944,0.023
966.186,0.02
966.429,0.017
966.672,0.019
966.914,0.014
967.157,0.016
967.4,0.01
967.642,0.015
967.885,0.011
968.128,0.011
968.37,0.008
968.613,0.009
968.856,0.006
969.098,0.011
969.341,0.007
969.584,0.007
969.827,0.004
970.069,0.007
970.312,0.008
970.555,0.006
970.798,0.003
971.04,0.005
971.283,0.004
971.526,0.006
971.769,0.002
972.011,0.004
972.254,0.002
972.497,0.003
972.74,0.005
972.983,0.003
973.226,0.003
973.468,0.004
973.711,0.001
973.954,0
974.197,0.001
974.44,0.002
974.683,0
974.926,0
975.169,0.003
975.411,0
975.654,-0.001
975.897,0.001
976.14,-0.002
976.383,0.001
976.626,0
976.869,0.002
977.112,0
977.355,0.005
977.598,0.006
977.841,0.007
978.084,0.004
978.327,0.006
978.57,0
978.813,0.002
979.056,0.003
979.299,0.003
979.542,0.004
979.785,0.005
980.028,0.003
980.271,0.003
980.514,0.002
980.757,0.005
981,0.003
981.243,0.004
981.486,0.002
981.73,0.003
981.973,0.001
982.216,0.002
982.459,0.001
982.702,0.003
982.945,0.004
983.188,0.004
983.432,0.002
983.675,0.002
983.918,0.002
984.161,0.001
984.404,0.001
984.647,0.003
984.891,-0.001
985.134,0.001
985.377,0.001
985.62,0.003
985.863,0.001
986.107,0.002
986.35,0.003
986.593,0.001
986.836,-0.003
987.08,-0.001
987.323,-0.001
987.566,0.001
987.81,0.003
988.053,0.004
988.296,0.001
988.539,0.001
988.783,0
989.026,0.002
989.269,0.004
989.513,0.007
989.756,0
989.999,0.002
990.243,0
990.486,0.004
990.73,0
990.973,0
991.216,0.001
991.46,0
991.703,0.001
991.947,0
992.19,0
992.433,0.001
992.677,0.001
992.92,0.001
993.164,-0.002
993.407,0
993.651,0
993.894,0.002
994.138,-0.003
994.381,0.003
994.625,0
994.868,0.002
995.112,0.004
995.355,0.004
995.599,0.002
995.842,0.001
996.086,-0.001
996.329,0.003
996.573,0
996.817,0.002
997.06,-0.001
997.304,0.001
997.547,0.001
997.791,0.001
998.034,0.002
998.278,0.003
998.522,0.002
998.765,0.004
999.009,0.002
999.253,0
999.496,0.002
999.74,0
999.984,-0.001
1000.227,-0.004
1000.471,0
1000.715,0
1000.958,0.003
1001.202,0.001
1001.446,-0.001
1001.689,0.003
1001.933,0.004
1002.177,0.002
1002.421,0.002
1002.664,-0.001
1002.908,0.002
1003.152,-0.001
1003.396,0.001
1003.639,-0.001
1003.883,0.003
1004.127,0.002
1004.371,0.004
1004.615,-0.002
1004.858,0.001
1005.102,0.001
1005.346,0.001
1005.59,0
1005.834,0
1006.077,0.001
1006.321,0.003
1006.565,0
1006.809,0.002
1007.053,-0.001
1007.297,0.001
1007.541,-0.002
1007.785,0.003
1008.029,-0.002
1008.272,0.002
1008.516,0
1008.76,0.002
1009.004,0.001
1009.248,0.003
1009.492,-0.001
1009.736,0.001
1009.98,0.006
1010.224,0.003
1010.468,0
1010.712,0.002
1010.956,-0.002
1011.2,0.002
1011.444,0
1011.688,0.004
1011.932,0.003
1012.176,0.008
1012.42,0.012
1012.664,0.024
1012.908,0.046
1013.152,0.064
1013.396,0.063
1013.64,0.046
1013.884,0.033
1014.129,0.034
1014.373,0.026
1014.617,0.026
1014.861,0.022
1015.105,0.025
1015.349,0.02
1015.593,0.017
1015.837,0.016
1016.081,0.018
1016.326,0.013
1016.57,0.011
1016.814,0.011
1017.058,0.013
1017.302,0.009
1017.546,0.009
1017.791,0.009
1018.035,0.01
1018.279,0.006
1018.523,0.006
1018.768,0.008
1019.012,0.008
1019.256,0.008
1019.5,0.008
1019.745,0.005
1019.989,0.008
1020.233,0.007
1020.477,0.006
1020.722,0.002
1020.966,0.007
1021.21,0.003
1021.455,0.005
1021.699,0.005
1021.943,0.002
1022.187,0.001
1022.432,0.001
1022.676,-0.002
1022.92,0.003
1023.165,-0.002
1023.409,0.003