wavelength_um,radiance_w_m2_sr_um
0.25,0.0140512
0.25006,0.0132416
0.25013,0.0134981
0.25019,0.00341209
0.25025,0.0125653
0.25031,0.0103107
0.25038,0.0141153
0.25044,0.0106809
0.2505,0.0105617
0.25056,0.00863344
0.25063,0.0125246
0.25069,0.00392471
0.25075,0.00278105
0.25082,0.0077254
0.25088,0.00876189
0.25094,0.0128127
0.251,0.0158515
0.25107,0.0102792
0.25113,0.00548074
0.25119,0.00473482
0.25126,0.00730268
0.25132,0.00662553
0.25138,0.01225
0.25145,0.00734669
0.25151,0.00292235
0.25157,0.00725973
0.25164,0.00616951
0.2517,0.0019041
0.25176,0.00638088
0.25183,0.00416441
0.25189,0.00308234
0.25195,0.00645853
0.25202,0.00334052
0.25208,0.0115798
0.25214,0.00715365
0.25221,0.00798555
0.25227,0.00393431
0.25233,0.002719
0.2524,0.00403433
0.25246,0.0045202
0.25253,0.00256118
0.25259,0.00596269
0.25265,0.00651554
0.25272,0.00513204
0.25278,0.00413238
0.25284,0.00322534
0.25291,0.00315977
0.25297,0.00283965
0.25304,0.00343577
0.2531,0.00347879
0.25316,0.00527571
0.25323,0.00784993
0.25329,0.0062635
0.25336,0.0122073
0.25342,0.0129316
0.25349,0.00690195
0.25355,0.00872112
0.25361,0.00559859
0.25368,0.00431274
0.25374,0.00458375
0.25381,0.0101522
0.25387,0.0096256
0.25394,0.00467748
0.254,0.00278272
0.25407,0.00810205
0.25413,0.00787432
0.25419,0.00556378
0.25426,0.00775243
0.25432,0.00736332
0.25439,0.017789
0.25445,0.00742546
0.25452,0.015886
0.25458,0.00921109
0.25465,0.00507521
0.25471,0.00659708
0.25478,0.0127548
0.25484,0.0141078
0.25491,0.00666645
0.25497,0.00910572
0.25504,0.00240109
0.2551,0.0225413
0.25517,0.00532147
0.25523,0.0147374
0.2553,0.0291616
0.25536,0.0110721
0.25543,0.00681253
0.25549,0.0450279
0.25556,0.0193122
0.25562,0.0253483
0.25569,0.0269329
0.25575,0.0230507
0.25582,0.00530806
0.25589,0.0405866
0.25595,0.0313904
0.25602,0.0266499
0.25608,0.00880324
0.25615,0.00657722
0.25621,0.0188
0.25628,0.00794023
0.25634,0.00596681
0.25641,0.00631825
0.25648,0.0163069
0.25654,0.0155547
0.25661,0.0260036
0.25667,0.0233062
0.25674,0.0111814
0.25681,0.0218525
0.25687,0.0299005
0.25694,0.0104624
0.257,0.0517525
0.25707,0.0530786
0.25714,0.050639
0.2572,0.0459609
0.25727,0.0355201
0.25733,0.0333244
0.2574,0.0116816
0.25747,0.0346081
0.25753,0.0180559
0.2576,0.0153034
0.25767,0.00925508
0.25773,0.00815253
0.2578,0.0203428
0.25786,0.0121729
0.25793,0.0192761
0.258,0.0135605
0.25806,0.0435709
0.25813,0.0222058
0.2582,0.0709764
0.25826,0.0429951
0.25833,0.00702172
0.2584,0.0212279
0.25846,0.019007
0.25853,0.00743218
0.2586,0.00707106
0.25867,0.00183066
0.25873,0.0081213
0.2588,0.0182181
0.25887,0.0191424
0.25893,0.0149318
0.259,0.0456314
0.25907,0.0560079
0.25913,0.0211204
0.2592,0.0244609
0.25927,0.0149552
0.25934,0.0234027
0.2594,0.0157234
0.25947,0.00809451
0.25954,0.0134201
0.25961,0.0154131
0.25967,0.0203
0.25974,0.0167954
0.25981,0.0128609
0.25988,0.00519177
0.25994,0.00294307
0.26001,0.00103023
0.26008,0.00412202
0.26015,0.00857841
0.26021,0.0154469
0.26028,0.0246776
0.26035,0.0214334
0.26042,0.0216902
0.26048,0.0221769
0.26055,0.0244202
0.26062,0.00859638
0.26069,0.0109554
0.26076,0.00329241
0.26082,0.00630161
0.26089,0.0142819
0.26096,0.019163
0.26103,0.0265466
0.2611,0.0129648
0.26116,0.008427
0.26123,0.00396579
0.2613,0.00479307
0.26137,0.0084808
0.26144,0.004463
0.26151,0.00753998
0.26157,0.0187814
0.26164,0.025323
0.26171,0.0201717
0.26178,0.0138634
0.26185,0.00291196
0.26192,0.00963017
0.26199,0.0175076
0.26205,0.0302839
0.26212,0.0118132
0.26219,0.0202928
0.26226,0.00856466
0.26233,0.0371115
0.2624,0.022298
0.26247,0.0274015
0.26254,0.0279236
0.26261,0.00840569
0.26267,0.00701625
0.26274,0.0148771
0.26281,0.0170438
0.26288,0.00668814
0.26295,0.00768107
0.26302,0.0149437
0.26309,0.00984363
0.26316,0.00491068
0.26323,0.00296955
0.2633,0.00733164
0.26337,0.0122466
0.26344,0.0435414
0.2635,0.0756622
0.26357,0.0475751
0.26364,0.0206802
0.26371,0.0624866
0.26378,0.088435
0.26385,0.0465922
0.26392,0.0873061
0.26399,0.101517
0.26406,0.0780838
0.26413,0.0726729
0.2642,0.0638137
0.26427,0.0256692
0.26434,0.0413735
0.26441,0.0380089
0.26448,0.0325277
0.26455,0.0749171
0.26462,0.0414088
0.26469,0.0527713
0.26476,0.0582871
0.26483,0.0486462
0.2649,0.0804381
0.26497,0.0557549
0.26504,0.0787729
0.26511,0.0835006
0.26518,0.0475281
0.26525,0.0551526
0.26532,0.0745511
0.26539,0.139587
0.26546,0.10531
0.26553,0.0898574
0.2656,0.124832
0.26567,0.0813199
0.26575,0.0597156
0.26582,0.0654243
0.26589,0.0529665
0.26596,0.0797515
0.26603,0.051933
0.2661,0.0563684
0.26617,0.0578377
0.26624,0.0270584
0.26631,0.0543915
0.26638,0.0791253
0.26645,0.0481438
0.26652,0.016108
0.2666,0.0489887
0.26667,0.0679891
0.26674,0.0227364
0.26681,0.0810521
0.26688,0.0442682
0.26695,0.058787
0.26702,0.0402639
0.26709,0.0539818
0.26717,0.0629898
0.26724,0.08693
0.26731,0.0273194
0.26738,0.0484417
0.26745,0.0782265
0.26752,0.0672922
0.26759,0.0602212
0.26767,0.0596492
0.26774,0.0664563
0.26781,0.0522879
0.26788,0.0550894
0.26795,0.0260957
0.26802,0.0424252
0.2681,0.0560842
0.26817,0.0694527
0.26824,0.0935754
0.26831,0.0883717
0.26838,0.0516106
0.26846,0.0618892
0.26853,0.0852633
0.2686,0.0446997
0.26867,0.0611566
0.26874,0.0898088
0.26882,0.0810844
0.26889,0.0633414
0.26896,0.0651498
0.26903,0.0484849
0.26911,0.0651641
0.26918,0.052182
0.26925,0.068767
0.26932,0.0499371
0.2694,0.0388446
0.26947,0.0311827
0.26954,0.0595691
0.26961,0.0396302
0.26969,0.0401223
0.26976,0.0652614
0.26983,0.0365165
0.26991,0.0628787
0.26998,0.0351863
0.27005,0.119587
0.27012,0.0742139
0.2702,0.0544707
0.27027,0.0513472
0.27034,0.0598355
0.27042,0.0671435
0.27049,0.030024
0.27056,0.07069
0.27064,0.0382055
0.27071,0.0455762
0.27078,0.0757755
0.27086,0.06493
0.27093,0.045855
0.271,0.0717624
0.27108,0.0234975
0.27115,0.046643
0.27122,0.0366978
0.2713,0.063346
0.27137,0.106284
0.27144,0.0482847
0.27152,0.00815877
0.27159,0.0430294
0.27167,0.0632779
0.27174,0.027151
0.27181,0.0214467
0.27189,0.0346612
0.27196,0.00757373
0.27203,0.0150026
0.27211,0.0201381
0.27218,0.00932359
0.27226,0.0379397
0.27233,0.0329488
0.27241,0.0436656
0.27248,0.0425535
0.27255,0.0297549
0.27263,0.0347545
0.2727,0.0376641
0.27278,0.0429747
0.27285,0.0152014
0.27293,0.0233895
0.273,0.0843121
0.27307,0.0663401
0.27315,0.0189811
0.27322,0.0667214
0.2733,0.0661522
0.27337,0.0600941
0.27345,0.0157219
0.27352,0.0374426
0.2736,0.0370827
0.27367,0.0439761
0.27375,0.0149788
0.27382,0.0101078
0.2739,0.0296743
0.27397,0.023877
0.27405,0.00624353
0.27412,0.0308577
0.2742,0.0387188
0.27427,0.0250638
0.27435,0.0119683
0.27442,0.00895622
0.2745,0.016556
0.27457,0.038393
0.27465,0.0285354
0.27473,0.00723152
0.2748,0.0104598
0.27488,0.0322529
0.27495,0.0206726
0.27503,0.00438027
0.2751,0.0103548
0.27518,0.0283107
0.27525,0.0343098
0.27533,0.0726414
0.27541,0.0374064
0.27548,0.0259813
0.27556,0.0289491
0.27563,0.00940493
0.27571,0.0101929
0.27579,0.0309873
0.27586,0.0460152
0.27594,0.0823399
0.27601,0.0387456
0.27609,0.0595075
0.27617,0.0685526
0.27624,0.0287766
0.27632,0.0267351
0.2764,0.0696782
0.27647,0.0734814
0.27655,0.0883866
0.27663,0.0629684
0.2767,0.0379714
0.27678,0.0632996
0.27685,0.0539729
0.27693,0.0419832
0.27701,0.0193251
0.27709,0.0700297
0.27716,0.0744659
0.27724,0.0628672
0.27732,0.0500128
0.27739,0.0787716
0.27747,0.0827449
0.27755,0.0760288
0.27762,0.0745515
0.2777,0.04971
0.27778,0.0429747
0.27785,0.0439841
0.27793,0.0265234
0.27801,0.0311142
0.27809,0.0176171
0.27816,0.0311672
0.27824,0.022628
0.27832,0.0336617
0.2784,0.025105
0.27847,0.0295955
0.27855,0.0444747
0.27863,0.0457193
0.27871,0.0362104
0.27878,0.0344346
0.27886,0.022602
0.27894,0.0307927
0.27902,0.0287584
0.2791,0.0225555
0.27917,0.0164443
0.27925,0.0150435
0.27933,0.0137161
0.27941,0.0118878
0.27949,0.00710724
0.27956,0.00296799
0.27964,0.000913022
0.27972,0.00460653
0.2798,0.0085202
0.27988,0.00723681
0.27996,0.011941
0.28003,0.0137432
0.28011,0.0149143
0.28019,0.00934815
0.28027,0.00670416
0.28035,0.00133925
0.28043,0.00587404
0.2805,0.0105842
0.28058,0.014604
0.28066,0.0180437
0.28074,0.019901
0.28082,0.0269529
0.2809,0.027428
0.28098,0.0400939
0.28106,0.0420395
0.28114,0.0437944
0.28121,0.0398791
0.28129,0.0357565
0.28137,0.0453851
0.28145,0.046397
0.28153,0.0754109
0.28161,0.0587182
0.28169,0.0863688
0.28177,0.098934
0.28185,0.070032
0.28193,0.0776604
0.28201,0.0713709
0.28209,0.127955
0.28217,0.0952701
0.28225,0.0792229
0.28233,0.0819719
0.28241,0.0699802
0.28249,0.150337
0.28257,0.105493
0.28265,0.0452967
0.28273,0.11433
0.28281,0.139732
0.28289,0.125383
0.28297,0.0656884
0.28305,0.13137
0.28313,0.0790194
0.28321,0.101909
0.28329,0.0862084
0.28337,0.112239
0.28345,0.155743
0.28353,0.0694185
0.28361,0.0774617
0.28369,0.057587
0.28377,0.0906633
0.28385,0.0966442
0.28393,0.129366
0.28401,0.100468
0.28409,0.0794824
0.28417,0.0528231
0.28425,0.101858
0.28433,0.0662118
0.28441,0.0437278
0.2845,0.0349332
0.28458,0.0575138
0.28466,0.0349766
0.28474,0.0354158
0.28482,0.0433616
0.2849,0.0257318
0.28498,0.0249613
0.28506,0.0177851
0.28514,0.0163422
0.28523,0.00821929
0.28531,0.00249233
0.28539,0.0108487
0.28547,0.0157338
0.28555,0.0253364
0.28563,0.0263249
0.28571,0.0327893
0.2858,0.0390883
0.28588,0.0544322
0.28596,0.0423868
0.28604,0.0843962
0.28612,0.0886622
0.2862,0.073335
0.28629,0.0960153
0.28637,0.0900573
0.28645,0.0770399
0.28653,0.192559
0.28662,0.0634027
0.2867,0.0944184
0.28678,0.0738022
0.28686,0.106718
0.28694,0.115888
0.28703,0.114725
0.28711,0.183169
0.28719,0.189177
0.28727,0.205576
0.28736,0.195663
0.28744,0.107619
0.28752,0.206997
0.2876,0.1452
0.28769,0.105833
0.28777,0.133254
0.28785,0.203844
0.28794,0.178737
0.28802,0.100966
0.2881,0.114809
0.28818,0.0361045
0.28827,0.0290314
0.28835,0.0990237
0.28843,0.215021
0.28852,0.21264
0.2886,0.209737
0.28868,0.150811
0.28877,0.284333
0.28885,0.201068
0.28893,0.247962
0.28902,0.140783
0.2891,0.175332
0.28918,0.22736
0.28927,0.212209
0.28935,0.137978
0.28944,0.188301
0.28952,0.156165
0.2896,0.219583
0.28969,0.270245
0.28977,0.323366
0.28986,0.247433
0.28994,0.198179
0.29002,0.240752
0.29011,0.29982
0.29019,0.339531
0.29028,0.208658
0.29036,0.371467
0.29044,0.298452
0.29053,0.26975
0.29061,0.317202
0.2907,0.35131
0.29078,0.464738
0.29087,0.251568
0.29095,0.238518
0.29104,0.349734
0.29112,0.239054
0.29121,0.235097
0.29129,0.103154
0.29138,0.416314
0.29146,0.283688
0.29155,0.372253
0.29163,0.38403
0.29172,0.380973
0.2918,0.323534
0.29189,0.399696
0.29197,0.402844
0.29206,0.378773
0.29214,0.400301
0.29223,0.452807
0.29231,0.304488
0.2924,0.311189
0.29248,0.248748
0.29257,0.360608
0.29265,0.278502
0.29274,0.124964
0.29283,0.270253
0.29291,0.280187
0.293,0.133117
0.29308,0.436447
0.29317,0.362333
0.29326,0.308611
0.29334,0.281958
0.29343,0.350344
0.29351,0.437328
0.2936,0.568764
0.29369,0.412561
0.29377,0.0757293
0.29386,0.427845
0.29394,0.345773
0.29403,0.247774
0.29412,0.410859
0.2942,0.25055
0.29429,0.276434
0.29438,0.486813
0.29446,0.350734
0.29455,0.185628
0.29464,0.527054
0.29472,0.650093
0.29481,0.203503
0.2949,0.105962
0.29499,0.178754
0.29507,0.391587
0.29516,0.523821
0.29525,0.56114
0.29533,0.60774
0.29542,0.383945
0.29551,0.280294
0.2956,0.594717
0.29568,0.497949
0.29577,0.359488
0.29586,0.410462
0.29595,0.675436
0.29603,0.534372
0.29612,0.582036
0.29621,0.545997
0.2963,0.645092
0.29638,0.831262
0.29647,0.483614
0.29656,0.190943
0.29665,0.364609
0.29674,0.177185
0.29682,0.24618
0.29691,0.359524
0.297,0.441474
0.29709,0.18888
0.29718,0.436059
0.29727,0.469993
0.29735,0.367859
0.29744,0.250637
0.29753,0.65581
0.29762,0.634562
0.29771,0.485461
0.2978,0.888912
0.29789,0.787348
0.29797,0.620626
0.29806,0.488396
0.29815,0.508148
0.29824,0.219276
0.29833,0.49113
0.29842,0.283624
0.29851,0.330879
0.2986,0.314574
0.29869,0.360957
0.29878,0.62187
0.29886,0.319591
0.29895,0.558044
0.29904,0.686431
0.29913,0.735437
0.29922,0.75874
0.29931,0.686633
0.2994,0.764399
0.29949,0.349164
0.29958,0.351216
0.29967,0.760472
0.29976,0.757467
0.29985,0.97235
0.29994,0.828687
0.30003,0.268391
0.30012,0.448819
0.30021,0.261168
0.3003,0.521534
0.30039,0.344382
0.30048,0.45975
0.30057,0.895804
0.30066,0.8299
0.30075,0.603324
0.30084,0.561938
0.30093,0.411997
0.30102,0.493395
0.30111,1.02813
0.3012,1.04453
0.3013,0.509122
0.30139,1.03112
0.30148,0.972437
0.30157,0.774748
0.30166,1.18364
0.30175,1.13999
0.30184,0.43665
0.30193,0.877232
0.30202,0.546932
0.30211,0.320531
0.30221,0.208812
0.3023,0.956215
0.30239,1.4123
0.30248,0.931961
0.30257,1.38036
0.30266,0.458511
0.30276,0.961439
0.30285,2.28188
0.30294,2.20523
0.30303,1.5393
0.30312,1.69022
0.30321,0.953029
0.30331,2.72781
0.3034,2.24211
0.30349,2.32851
0.30358,2.59025
0.30367,2.45328
0.30377,2.02587
0.30386,0.563517
0.30395,2.17761
0.30404,2.09616
0.30414,1.5402
0.30423,2.2568
0.30432,1.76373
0.30441,3.1072
0.30451,2.55709
0.3046,2.53899
0.30469,3.76589
0.30479,1.9822
0.30488,1.30508
0.30497,3.16751
0.30506,4.93437
0.30516,2.01326
0.30525,6.27415
0.30534,5.99866
0.30544,3.8038
0.30553,3.06636
0.30562,3.88861
0.30572,4.80138
0.30581,2.27717
0.3059,2.58275
0.306,1.37874
0.30609,4.50566
0.30618,4.78025
0.30628,4.95952
0.30637,5.89873
0.30647,3.78924
0.30656,3.62102
0.30665,7.4206
0.30675,3.95035
0.30684,3.11086
0.30694,5.66264
0.30703,7.52317
0.30713,7.1978
0.30722,8.74109
0.30731,4.84533
0.30741,8.36373
0.3075,7.63302
0.3076,8.16327
0.30769,7.53825
0.30779,11.1786
0.30788,8.74543
0.30798,8.31424
0.30807,11.3911
0.30817,9.77321
0.30826,6.29987
0.30836,10.3927
0.30845,6.44935
0.30855,18.1202
0.30864,13.1012
0.30874,10.8256
0.30883,10.7899
0.30893,10.7829
0.30902,12.9077
0.30912,11.6456
0.30921,5.90686
0.30931,13.3246
0.30941,4.47268
0.3095,12.2424
0.3096,19.1295
0.30969,16.446
0.30979,5.52528
0.30989,24.8105
0.30998,16.2903
0.31008,4.5657
0.31017,6.80128
0.31027,4.84546
0.31037,28.6786
0.31046,19.5465
0.31056,25.3931
0.31066,18.4158
0.31075,28.184
0.31085,22.8454
0.31095,29.5077
0.31104,36.1183
0.31114,24.4411
0.31124,34.1302
0.31133,37.9721
0.31143,25.5576
0.31153,23.735
0.31162,28.205
0.31172,37.9873
0.31182,30.9488
0.31192,25.3417
0.31201,24.9018
0.31211,21.1964
0.31221,41.9051
0.3123,22.6932
0.3124,30.6731
0.3125,50.9686
0.3126,25.7914
0.3127,39.4595
0.31279,59.1204
0.31289,45.5832
0.31299,37.5439
0.31309,53.8371
0.31319,31.955
0.31328,39.9707
0.31338,47.8571
0.31348,32.5868
0.31358,35.5203
0.31368,44.243
0.31377,26.9279
0.31387,57.9997
0.31397,51.9999
0.31407,42.3895
0.31417,57.428
0.31427,67.3919
0.31437,43.5826
0.31447,11.0556
0.31456,26.5008
0.31466,42.3963
0.31476,60.9364
0.31486,35.1827
0.31496,83.2381
0.31506,65.2974
0.31516,81.28
0.31526,61.8842
0.31536,83.2603
0.31546,106.145
0.31556,50.8927
0.31566,47.5937
0.31576,41.6902
0.31586,28.9122
0.31596,25.2608
0.31606,41.447
0.31616,41.8159
0.31626,30.9877
0.31636,41.854
0.31646,93.3668
0.31656,50.4819
0.31666,70.4792
0.31676,49.2361
0.31686,65.9869
0.31696,55.8381
0.31706,71.2216
0.31716,97.5092
0.31726,87.3995
0.31736,134.396
0.31746,79.5359
0.31756,82.7166
0.31766,106.117
0.31776,121.876
0.31786,69.6244
0.31797,91.4347
0.31807,51.6811
0.31817,64.6178
0.31827,32.3488
0.31837,68.3814
0.31847,88.5045
0.31857,66.99
0.31867,118.768
0.31878,62.6191
0.31888,118.199
0.31898,169.851
0.31908,162.79
0.31918,62.7381
0.31928,63.9545
0.31939,37.5493
0.31949,64.0928
0.31959,83.3991
0.31969,79.9801
0.3198,64.0928
0.3199,134.381
0.32,120.986
0.3201,64.3865
0.3202,125.809
0.32031,82.2195
0.32041,93.1196
0.32051,151.256
0.32062,109.225
0.32072,168.683
0.32082,157.774
0.32092,126.44
0.32103,94.3933
0.32113,65.9795
0.32123,113.937
0.32134,174.986
0.32144,55.5758
0.32154,88.1234
0.32165,208.856
0.32175,130.251
0.32185,133.25
0.32196,148.874
0.32206,69.0852
0.32216,154.277
0.32227,68.9201
0.32237,99.4973
0.32248,134.287
0.32258,92.2064
0.32268,45.4965
0.32279,59.1218
0.32289,52.2732
0.323,79.3394
0.3231,71.6404
0.32321,126.368
0.32331,213.242
0.32342,113.355
0.32352,71.2625
0.32362,163.258
0.32373,84.5773
0.32383,174.747
0.32394,167.5
0.32404,97.722
0.32415,167.55
0.32425,134.09
0.32436,237.412
0.32446,125.9
0.32457,222.705
0.32468,158.693
0.32478,153.315
0.32489,143.235
0.32499,131.947
0.3251,159.173
0.3252,147.624
0.32531,185.615
0.32541,130.53
0.32552,73.4547
0.32563,225.501
0.32573,216.315
0.32584,165.788
0.32595,197.302
0.32605,219.945
0.32616,180.061
0.32626,204.799
0.32637,250.654
0.32648,213.783
0.32658,190.737
0.32669,250.276
0.3268,176.286
0.3269,231.987
0.32701,188.235
0.32712,201.556
0.32723,141.493
0.32733,271.24
0.32744,227.138
0.32755,200.039
0.32765,194.738
0.32776,193.192
0.32787,195.909
0.32798,128.548
0.32808,139.943
0.32819,178.667
0.3283,185.794
0.32841,163.463
0.32852,161.232
0.32862,191.951
0.32873,165.181
0.32884,236.212
0.32895,164.544
0.32906,314.646
0.32916,185.802
0.32927,249.542
0.32938,281.774
0.32949,338.382
0.3296,270.076
0.32971,185.882
0.32982,223.246
0.32992,259.639
0.33003,211.275
0.33014,363.209
0.33025,274.781
0.33036,163.582
0.33047,188.242
0.33058,215.935
0.33069,112.587
0.3308,172.816
0.33091,201.979
0.33102,242.183
0.33113,160.479
0.33124,202.379
0.33135,234.423
0.33146,187.82
0.33156,164.42
0.33167,235.717
0.33178,212.513
0.3319,233.184
0.33201,222.08
0.33212,225.496
0.33223,311.515
0.33234,176.261
0.33245,207.224
0.33256,337.552
0.33267,293.135
0.33278,158.358
0.33289,233.902
0.333,192.418
0.33311,219.12
0.33322,317.682
0.33333,214.555
0.33344,258.369
0.33356,244.485
0.33367,177.697
0.33378,127.925
0.33389,210.562
0.334,203.001
0.33411,226.06
0.33422,307.019
0.33434,211.839
0.33445,210.001
0.33456,266.139
0.33467,221.09
0.33478,238.861
0.3349,219.717
0.33501,96.8176
0.33512,189.626
0.33523,307.014
0.33535,321.049
0.33546,265.068
0.33557,325.308
0.33568,320.941
0.3358,343.636
0.33591,185.952
0.33602,103.49
0.33613,81.3102
0.33625,75.1804
0.33636,230.913
0.33647,234.277
0.33659,326.596
0.3367,190.241
0.33681,229.009
0.33693,209.052
0.33704,93.6917
0.33715,149.327
0.33727,143.278
0.33738,132.106
0.3375,194.054
0.33761,252.412
0.33772,299.531
0.33784,238.102
0.33795,234.27
0.33807,249.477
0.33818,89.3887
0.33829,299.851
0.33841,293.875
0.33852,260.079
0.33864,251.288
0.33875,285.922
0.33887,212.465
0.33898,226.434
0.3391,305.134
0.33921,171.697
0.33933,158.722
0.33944,195.896
0.33956,205.046
0.33967,253.26
0.33979,307.716
0.3399,349.591
0.34002,227.283
0.34014,364.051
0.34025,244.726
0.34037,180.662
0.34048,286.034
0.3406,193.891
0.34072,246.558
0.34083,145.216
0.34095,290.485
0.34106,190.437
0.34118,287.662
0.3413,290.911
0.34141,139.069
0.34153,210.377
0.34165,213.28
0.34176,246.969
0.34188,267.757
0.342,319.338
0.34211,311.904
0.34223,234.927
0.34235,198.032
0.34247,170.618
0.34258,227.861
0.3427,228.246
0.34282,205.385
0.34294,184.384
0.34305,354.392
0.34317,281.542
0.34329,208.956
0.34341,189.086
0.34352,285.477
0.34364,243.529
0.34376,293.617
0.34388,253.574
0.344,226.305
0.34412,151.817
0.34423,137.711
0.34435,173.482
0.34447,98.5508
0.34459,255.553
0.34471,153.554
0.34483,194.504
0.34495,354.381
0.34507,317.401
0.34518,292.356
0.3453,163.916
0.34542,148.431
0.34554,265.976
0.34566,335.527
0.34578,277.141
0.3459,251.983
0.34602,249.796
0.34614,207.64
0.34626,126.401
0.34638,237.733
0.3465,280.788
0.34662,258.578
0.34674,198.671
0.34686,198.675
0.34698,226.728
0.3471,263.516
0.34722,214.388
0.34734,212.881
0.34746,241.368
0.34758,203.573
0.34771,181.37
0.34783,187.973
0.34795,224.797
0.34807,252.838
0.34819,267.016
0.34831,373.039
0.34843,207.358
0.34855,264.456
0.34868,281.178
0.3488,372.402
0.34892,227.549
0.34904,242.898
0.34916,93.731
0.34928,322.075
0.34941,112.673
0.34953,282.562
0.34965,200.163
0.34977,164.502
0.3499,169.191
0.35002,324.64
0.35014,221.504
0.35026,354.844
0.35039,306.631
0.35051,336.016
0.35063,289.39
0.35075,200.088
0.35088,291.707
0.351,346.572
0.35112,158.194
0.35125,281.634
0.35137,211.557
0.35149,165.146
0.35162,140.266
0.35174,256.383
0.35186,356.786
0.35199,298.175
0.35211,234.987
0.35224,181.184
0.35236,309.47
0.35249,161.385
0.35261,272.581
0.35273,65.0997
0.35286,258.959
0.35298,347.053
0.35311,275.555
0.35323,332.215
0.35336,315.513
0.35348,341.182
0.35361,227.663
0.35373,228.236
0.35386,227.485
0.35398,328.431
0.35411,301.578
0.35423,288.702
0.35436,253.379
0.35448,349.661
0.35461,303.066
0.35474,338.087
0.35486,230.207
0.35499,292.768
0.35511,318.033
0.35524,313.236
0.35537,265.481
0.35549,235.018
0.35562,228.418
0.35575,248.858
0.35587,410.523
0.356,262.743
0.35613,253.027
0.35625,266.361
0.35638,354.981
0.35651,310.505
0.35663,87.9507
0.35676,163.799
0.35689,275.896
0.35702,176.867
0.35714,109.26
0.35727,190.901
0.3574,296.701
0.35753,269.253
0.35765,247.097
0.35778,243.355
0.35791,251.351
0.35804,256.458
0.35817,125.563
0.35829,118.757
0.35842,238.805
0.35855,132.446
0.35868,84.9117
0.35881,81.4092
0.35894,245.921
0.35907,180.903
0.3592,315.157
0.35932,381.982
0.35945,195.473
0.35958,269.587
0.35971,217.758
0.35984,311.728
0.35997,336.013
0.3601,400.696
0.36023,346.71
0.36036,175.644
0.36049,248.674
0.36062,137.235
0.36075,211.971
0.36088,333.814
0.36101,96.725
0.36114,127.064
0.36127,262.803
0.3614,208.338
0.36153,349.653
0.36166,308.827
0.36179,395.998
0.36193,100.379
0.36206,101.619
0.36219,248.892
0.36232,262.318
0.36245,268.95
0.36258,222.304
0.36271,440.686
0.36284,307.642
0.36298,358.364
0.36311,216.612
0.36324,68.3612
0.36337,232.797
0.3635,320.217
0.36364,237.458
0.36377,176.296
0.3639,252.41
0.36403,359.152
0.36417,346.977
0.3643,312.882
0.36443,226.438
0.36456,203.154
0.3647,226.937
0.36483,229.833
0.36496,279.266
0.3651,240.296
0.36523,264.557
0.36536,371.03
0.3655,329.687
0.36563,347.937
0.36576,389.422
0.3659,300.285
0.36603,382.541
0.36617,357.464
0.3663,289.926
0.36643,272.844
0.36657,259.486
0.3667,379.136
0.36684,296.4
0.36697,258.482
0.36711,257.699
0.36724,347.792
0.36738,374.363
0.36751,270.754
0.36765,357.589
0.36778,313.946
0.36792,263.214
0.36805,256.62
0.36819,327.366
0.36832,232.42
0.36846,309.348
0.3686,282.102
0.36873,293.237
0.36887,162.047
0.369,285.016
0.36914,303.021
0.36928,389.506
0.36941,299.611
0.36955,335.183
0.36969,328.073
0.36982,342.451
0.36996,306.516
0.3701,365.237
0.37023,329.357
0.37037,361.752
0.37051,213.276
0.37064,154.025
0.37078,301.627
0.37092,218.241
0.37106,164.491
0.3712,300.509
0.37133,349.144
0.37147,421.139
0.37161,410.221
0.37175,343.76
0.37189,368.476
0.37202,177.314
0.37216,152.82
0.3723,150.374
0.37244,305.094
0.37258,275.502
0.37272,376.554
0.37286,139.536
0.373,340.346
0.37313,304.548
0.37327,309.896
0.37341,167.576
0.37355,91.8162
0.37369,162.441
0.37383,85.0526
0.37397,259.45
0.37411,317.995
0.37425,336.67
0.37439,246.569
0.37453,233.966
0.37467,80.1125
0.37481,213.97
0.37495,88.9624
0.37509,104.178
0.37523,256.631
0.37538,293.258
0.37552,342.715
0.37566,410.6
0.3758,314.638
0.37594,110.995
0.37608,244.181
0.37622,282.532
0.37636,297.19
0.37651,143.581
0.37665,301.462
0.37679,184.376
0.37693,282.109
0.37707,276.73
0.37722,247.662
0.37736,363.706
0.3775,380.453
0.37764,341.837
0.37779,373.725
0.37793,322.493
0.37807,387.115
0.37821,423.691
0.37836,386.445
0.3785,391.953
0.37864,375.746
0.37879,274.432
0.37893,252.862
0.37908,236.135
0.37922,289.351
0.37936,299.665
0.37951,238.586
0.37965,246.77
0.37979,263.192
0.37994,152.001
0.38008,201.266
0.38023,325.34
0.38037,358.533
0.38052,404.101
0.38066,329.795
0.38081,207.735
0.38095,321.9
0.3811,371.117
0.38124,281.807
0.38139,243.052
0.38153,247.333
0.38168,127.863
0.38183,325.939
0.38197,324.364
0.38212,96.9896
0.38226,182.935
0.38241,291.198
0.38256,129.441
0.3827,89.6563
0.38285,173.141
0.383,195.911
0.38314,263.283
0.38329,135.109
0.38344,141.539
0.38358,144.957
0.38373,194.25
0.38388,150.044
0.38402,149.412
0.38417,96.3299
0.38432,267.925
0.38447,233.701
0.38462,255.711
0.38476,220.413
0.38491,307.109
0.38506,214.458
0.38521,217.216
0.38536,276.164
0.38551,212.276
0.38565,261.501
0.3858,231.978
0.38595,150.238
0.3861,80.6047
0.38625,155.735
0.3864,313.071
0.38655,324.446
0.3867,243.251
0.38685,263.717
0.387,249.271
0.38715,173.733
0.3873,153.112
0.38745,237.534
0.3876,300.432
0.38775,286.013
0.3879,147.634
0.38805,246.137
0.3882,237.161
0.38835,121.937
0.3885,371.067
0.38865,211.296
0.3888,157.152
0.38895,178.62
0.38911,241.502
0.38926,359.529
0.38941,304.524
0.38956,366.019
0.38971,300.256
0.38986,343.402
0.39002,330.748
0.39017,334.081
0.39032,326.059
0.39047,233.106
0.39062,277.972
0.39078,276.48
0.39093,376.225
0.39108,368.476
0.39124,382.429
0.39139,414.822
0.39154,328.753
0.3917,336.736
0.39185,388.195
0.392,281.087
0.39216,192.549
0.39231,299.505
0.39246,315.748
0.39262,302.354
0.39277,267.216
0.39293,124.681
0.39308,131.815
0.39324,98.1326
0.39339,47.5808
0.39355,42.0366
0.3937,86.0647
0.39386,142.162
0.39401,211.59
0.39417,260.327
0.39432,261.531
0.39448,215.616
0.39463,275.453
0.39479,355.68
0.39494,280.765
0.3951,344.578
0.39526,370.914
0.39541,226.564
0.39557,431.984
0.39573,297.971
0.39588,333.874
0.39604,411.641
0.3962,258.596
0.39635,218.443
0.39651,210.596
0.39667,153.578
0.39683,80.3307
0.39698,30.2811
0.39714,98.326
0.3973,165.35
0.39746,216.01
0.39761,266.513
0.39777,318.599
0.39793,356.436
0.39809,410.36
0.39825,353.146
0.39841,379.291
0.39857,381.592
0.39872,388.69
0.39888,462.449
0.39904,405.588
0.3992,430.464
0.39936,467.858
0.39952,388.169
0.39968,379.714
0.39984,348.329
0.4,399.162
0.40016,415.574
0.40032,470.603
0.40048,502.512
0.40064,238.287
0.4008,372.963
0.40096,484.82
0.40112,444.83
0.40128,367.842
0.40145,455.603
0.40161,460.659
0.40177,398.051
0.40193,369.513
0.40209,439.05
0.40225,456.58
0.40241,461.028
0.40258,362.91
0.40274,437.609
0.4029,430.091
0.40306,490.393
0.40323,285.077
0.40339,365.854
0.40355,358.717
0.40371,432.398
0.40388,518.584
0.40404,489.524
0.4042,350.844
0.40437,469.333
0.40453,361.13
0.40469,165.429
0.40486,419.5
0.40502,397.955
0.40519,520.152
0.40535,403.004
0.40552,441.499
0.40568,369.002
0.40584,376.501
0.40601,395.574
0.40617,517.106
0.40634,412.126
0.4065,224.023
0.40667,411.826
0.40683,347.15
0.407,428.176
0.40717,396.948
0.40733,286.057
0.4075,472.539
0.40766,462.155
0.40783,271.294
0.408,402.73
0.40816,476.726
0.40833,450.989
0.4085,373.873
0.40866,411.196
0.40883,442.743
0.409,468.284
0.40917,457.364
0.40933,389.046
0.4095,560.635
0.40967,410.554
0.40984,408.475
0.41,411.856
0.41017,304.982
0.41034,282.791
0.41051,381.673
0.41068,470.722
0.41085,433.4
0.41102,440.554
0.41118,476.249
0.41135,426.248
0.41152,500.27
0.41169,498.765
0.41186,519.382
0.41203,423.541
0.4122,492.223
0.41237,425.489
0.41254,452.056
0.41271,422.287
0.41288,379.791
0.41305,425.771
0.41322,460.677
0.41339,354.875
0.41356,317.128
0.41374,489.097
0.41391,464.583
0.41408,463.187
0.41425,460.551
0.41442,348.466
0.41459,447.224
0.41477,488.967
0.41494,480.58
0.41511,376.929
0.41528,483.157
0.41545,456.156
0.41563,444.751
0.4158,408.775
0.41597,422.878
0.41615,507.539
0.41632,482.909
0.41649,461.537
0.41667,477.416
0.41684,362.078
0.41701,458.138
0.41719,453.698
0.41736,342.432
0.41754,402.593
0.41771,412.399
0.41789,362.035
0.41806,469.291
0.41824,395.467
0.41841,421.93
0.41859,424.877
0.41876,375.696
0.41894,424.253
0.41911,431.344
0.41929,376.476
0.41946,458.952
0.41964,337.21
0.41982,368.723
0.41999,285.734
0.42017,360.032
0.42034,303.25
0.42052,406.498
0.4207,465.064
0.42088,468.437
0.42105,482.674
0.42123,455.413
0.42141,431.801
0.42159,419.488
0.42176,385.56
0.42194,458.01
0.42212,436.052
0.4223,473.07
0.42248,428.989
0.42265,334.513
0.42283,195.201
0.42301,400.257
0.42319,466.911
0.42337,423.489
0.42355,490.065
0.42373,272.703
0.42391,412.394
0.42409,345.433
0.42427,494.453
0.42445,386.472
0.42463,437.123
0.42481,391.824
0.42499,363.234
0.42517,278.277
0.42535,501.883
0.42553,345.369
0.42571,383.956
0.42589,477.726
0.42608,336.337
0.42626,342.811
0.42644,494.201
0.42662,424.484
0.4268,427.908
0.42699,431.093
0.42717,356.982
0.42735,306.798
0.42753,314.588
0.42772,396.585
0.4279,425.929
0.42808,347.553
0.42827,392.421
0.42845,435.846
0.42863,345.35
0.42882,364.366
0.429,334.214
0.42918,281.679
0.42937,370.805
0.42955,339.06
0.42974,382.48
0.42992,300.144
0.43011,203.757
0.43029,280.411
0.43048,231.549
0.43066,239.437
0.43085,234.098
0.43103,201.57
0.43122,233.53
0.43141,303.872
0.43159,351.49
0.43178,477.247
0.43197,487.663
0.43215,450.342
0.43234,500.284
0.43253,270.175
0.43271,202.785
0.4329,440.512
0.43309,478.091
0.43328,464.781
0.43346,452.425
0.43365,484.466
0.43384,351.668
0.43403,319.558
0.43422,258.238
0.4344,399.903
0.43459,433.455
0.43478,437.695
0.43497,399.003
0.43516,418.844
0.43535,285.333
0.43554,432.378
0.43573,418.628
0.43592,479.381
0.43611,397.509
0.4363,513.854
0.43649,438.25
0.43668,515.986
0.43687,377.107
0.43706,446.259
0.43725,409.436
0.43745,425.334
0.43764,370.247
0.43783,432.536
0.43802,469.75
0.43821,453.387
0.4384,266.464
0.4386,253.522
0.43879,431.959
0.43898,423.07
0.43917,374.734
0.43937,444.179
0.43956,422.363
0.43975,433.954
0.43995,468.118
0.44014,375.758
0.44033,481.524
0.44053,353.585
0.44072,440.952
0.44092,394.259
0.44111,468.424
0.44131,493.375
0.4415,444.136
0.4417,384.42
0.44189,453.61
0.44209,510.971
0.44228,476.644
0.44248,446.773
0.44267,453.013
0.44287,420.305
0.44307,441.967
0.44326,496.439
0.44346,432.205
0.44366,382.561
0.44385,485.11
0.44405,513.844
0.44425,462.839
0.44444,394.24
0.44464,520.22
0.44484,431.62
0.44504,498.857
0.44524,458.347
0.44543,455.133
0.44563,345.664
0.44583,445.05
0.44603,401.528
0.44623,403.347
0.44643,496.875
0.44663,465.394
0.44683,460.174
0.44703,428.762
0.44723,475.71
0.44743,498.398
0.44763,514.841
0.44783,506.204
0.44803,520.747
0.44823,445.309
0.44843,484.536
0.44863,506.536
0.44883,513.134
0.44903,439.314
0.44924,470.506
0.44944,506.247
0.44964,448.263
0.44984,495.513
0.45005,508.825
0.45025,487.922
0.45045,559.621
0.45065,532.83
0.45086,549.207
0.45106,545.722
0.45126,513.122
0.45147,526.235
0.45167,504.299
0.45188,475.921
0.45208,511.263
0.45228,518.437
0.45249,512.73
0.45269,484.575
0.4529,432.867
0.4531,492.695
0.45331,469.984
0.45351,434.217
0.45372,396.781
0.45393,547.628
0.45413,497.687
0.45434,492.722
0.45455,487.039
0.45475,483.545
0.45496,490.462
0.45517,510.909
0.45537,522.613
0.45558,466.348
0.45579,472.86
0.456,506.117
0.4562,515.476
0.45641,533.051
0.45662,490.883
0.45683,513.624
0.45704,522.918
0.45725,458.495
0.45746,544.178
0.45767,533.367
0.45788,528.442
0.45809,474.218
0.4583,429.582
0.45851,453.957
0.45872,472.37
0.45893,480.066
0.45914,521.561
0.45935,456.9
0.45956,515.968
0.45977,475.901
0.45998,483.312
0.46019,439.075
0.46041,475.145
0.46062,473.015
0.46083,509.643
0.46104,552.791
0.46125,456.293
0.46147,465.883
0.46168,526.722
0.46189,471.027
0.46211,473.435
0.46232,513.849
0.46253,518.197
0.46275,484.035
0.46296,513.596
0.46318,477.589
0.46339,466.678
0.46361,518.903
0.46382,470.741
0.46404,465.233
0.46425,554.87
0.46447,504.931
0.46468,498.269
0.4649,483.871
0.46512,468.159
0.46533,491.336
0.46555,463.65
0.46577,469.481
0.46598,531.415
0.4662,537.861
0.46642,483.113
0.46664,509.477
0.46685,423.15
0.46707,478.377
0.46729,534.668
0.46751,486.627
0.46773,527.4
0.46795,521.104
0.46816,473.232
0.46838,493.756
0.4686,493.429
0.46882,496.605
0.46904,509.822
0.46926,476.102
0.46948,532.459
0.4697,528.878
0.46992,477.211
0.47015,498.279
0.47037,465.857
0.47059,497.031
0.47081,477.935
0.47103,461.308
0.47125,527.656
0.47148,508.022
0.4717,481.976
0.47192,525.44
0.47214,532.801
0.47237,481.909
0.47259,529.145
0.47281,479.089
0.47304,477.104
0.47326,473.178
0.47348,480.856
0.47371,492.199
0.47393,502.427
0.47416,504.253
0.47438,504.007
0.47461,496.416
0.47483,511.435
0.47506,515.637
0.47529,528.153
0.47551,499.757
0.47574,488.14
0.47596,503.404
0.47619,532.156
0.47642,465.468
0.47664,489.247
0.47687,492.337
0.4771,522.132
0.47733,514.168
0.47755,533.558
0.47778,499.488
0.47801,524.96
0.47824,516.76
0.47847,490.535
0.4787,495.126
0.47893,501.757
0.47916,483.766
0.47939,477.82
0.47962,510.921
0.47985,519.986
0.48008,468.724
0.48031,506.55
0.48054,501.605
0.48077,503.245
0.481,494.768
0.48123,492.05
0.48146,487.999
0.4817,515.569
0.48193,476.284
0.48216,506.284
0.48239,509.97
0.48263,513.756
0.48286,516.054
0.48309,484.326
0.48333,481.448
0.48356,510.969
0.48379,495.358
0.48403,465.629
0.48426,473.929
0.4845,457.357
0.48473,504.632
0.48497,446.649
0.4852,481.185
0.48544,491.403
0.48567,408.784
0.48591,467.666
0.48614,321.975
0.48638,345.232
0.48662,434.25
0.48685,458.057
0.48709,471.009
0.48733,382.411
0.48757,473.447
0.4878,468.63
0.48804,493.78
0.48828,452.358
0.48852,492.559
0.48876,442.051
0.489,444.963
0.48924,370.352
0.48948,450.518
0.48972,518.001
0.48996,520.368
0.4902,488.106
0.49044,456.739
0.49068,502.104
0.49092,468.335
0.49116,406.167
0.4914,453.465
0.49164,493.484
0.49188,437.412
0.49213,382.469
0.49237,475.811
0.49261,425.484
0.49285,505.556
0.4931,488.921
0.49334,516.262
0.49358,459.812
0.49383,455.205
0.49407,414.575
0.49432,499.893
0.49456,521.486
0.4948,475.846
0.49505,500.093
0.49529,512.775
0.49554,496.132
0.49579,454.176
0.49603,496.574
0.49628,508.458
0.49652,513.97
0.49677,450.725
0.49702,448.49
0.49727,481.362
0.49751,495.685
0.49776,479.688
0.49801,435.782
0.49826,448.194
0.4985,379.031
0.49875,433.726
0.499,485.179
0.49925,433.62
0.4995,442.805
0.49975,493.934
0.5,450.76
0.50025,418.461
0.5005,457.844
0.50075,382.137
0.501,484.58
0.50125,452.654
0.5015,418.406
0.50176,464.286
0.50201,413.033
0.50226,444.731
0.50251,461.713
0.50277,452.888
0.50302,467.179
0.50327,452.265
0.50352,482.621
0.50378,423.847
0.50403,416.499
0.50429,314.425
0.50454,473.443
0.5048,503.997
0.50505,425.521
0.50531,408.439
0.50556,492.936
0.50582,481.525
0.50607,486.164
0.50633,496.899
0.50659,432.563
0.50684,466.898
0.5071,446.665
0.50736,446.712
0.50761,444.293
0.50787,487.881
0.50813,384.63
0.50839,429.969
0.50865,467.408
0.50891,450.829
0.50916,472.258
0.50942,493.818
0.50968,486.731
0.50994,426.667
0.5102,449.474
0.51046,464.521
0.51073,467.864
0.51099,454.711
0.51125,450.499
0.51151,476.987
0.51177,473.562
0.51203,489.902
0.5123,453.456
0.51256,419.88
0.51282,410.253
0.51308,431.907
0.51335,455.207
0.51361,475.899
0.51387,422.021
0.51414,410.608
0.5144,357.987
0.51467,436.264
0.51493,410.141
0.5152,431.298
0.51546,431.842
0.51573,449.813
0.516,455.915
0.51626,458.27
0.51653,447.933
0.5168,320.751
0.51706,345.463
0.51733,262.186
0.5176,417.342
0.51787,448.638
0.51813,439.807
0.5184,295.373
0.51867,364.819
0.51894,422.913
0.51921,439.686
0.51948,430.854
0.51975,384.985
0.52002,426.668
0.52029,450.902
0.52056,427.629
0.52083,421.472
0.5211,434.366
0.52138,471.312
0.52165,421.728
0.52192,424.706
0.52219,461.159
0.52247,459.639
0.52274,384.876
0.52301,433.466
0.52329,463.933
0.52356,420.736
0.52383,444.464
0.52411,465.978
0.52438,437.495
0.52466,458.535
0.52493,436.688
0.52521,424.912
0.52549,437.279
0.52576,436.142
0.52604,403.841
0.52632,400.992
0.52659,372.02
0.52687,381.063
0.52715,295.451
0.52743,400.6
0.5277,392.973
0.52798,472.516
0.52826,425.251
0.52854,392.011
0.52882,471.875
0.5291,447.942
0.52938,463.74
0.52966,442.718
0.52994,365.978
0.53022,426.986
0.5305,459.297
0.53079,455.707
0.53107,450.227
0.53135,463.141
0.53163,444.22
0.53191,427.847
0.5322,439.456
0.53248,425.732
0.53277,417.659
0.53305,323.183
0.53333,435.662
0.53362,432.625
0.5339,379.478
0.53419,386.285
0.53447,455.054
0.53476,379.902
0.53505,411.767
0.53533,453.908
0.53562,462.688
0.53591,457.905
0.53619,444.348
0.53648,431.638
0.53677,435.961
0.53706,425.817
0.53735,381.582
0.53763,453.838
0.53792,449.754
0.53821,439.5
0.5385,406.163
0.53879,432.905
0.53908,428.069
0.53937,425.89
0.53967,434.31
0.53996,399.545
0.54025,416.898
0.54054,367.885
0.54083,393.03
0.54113,383.544
0.54142,421.375
0.54171,410.53
0.54201,433.529
0.5423,432.726
0.54259,395.036
0.54289,451.193
0.54318,376.452
0.54348,413.447
0.54377,410.131
0.54407,455.556
0.54437,449.924
0.54466,414.826
0.54496,414.706
0.54526,451.181
0.54555,430.374
0.54585,417.718
0.54615,448.572
0.54645,388.671
0.54675,425.376
0.54705,442.92
0.54735,435.492
0.54765,417.377
0.54795,396.004
0.54825,393.142
0.54855,438.674
0.54885,411.073
0.54915,417.09
0.54945,406.631
0.54975,427.761
0.55006,432.269
0.55036,402.085
0.55066,414.707
0.55096,427.465
0.55127,419.548
0.55157,399.37
0.55188,428.865
0.55218,431.547
0.55249,428.41
0.55279,405.659
0.5531,405.106
0.5534,416.945
0.55371,400.496
0.55402,427.154
0.55432,436.195
0.55463,422.347
0.55494,427.882
0.55525,423.123
0.55556,399.55
0.55586,422.454
0.55617,421.919
0.55648,384.764
0.55679,406.045
0.5571,391.158
0.55741,382.709
0.55772,393.022
0.55804,416.366
0.55835,404.26
0.55866,395.897
0.55897,365.597
0.55928,407.393
0.5596,377.356
0.55991,403.701
0.56022,398.125
0.56054,400.821
0.56085,426.351
0.56117,427.739
0.56148,424.158
0.5618,369.306
0.56211,392.35
0.56243,411.188
0.56275,407.184
0.56306,414.621
0.56338,416.103
0.5637,408.959
0.56402,399.002
0.56433,393.037
0.56465,409.811
0.56497,415.174
0.56529,400.247
0.56561,383.165
0.56593,365.715
0.56625,380.677
0.56657,401.338
0.56689,388.251
0.56721,402.453
0.56754,411.764
0.56786,409.068
0.56818,400.491
0.5685,384.848
0.56883,385.453
0.56915,389.002
0.56948,398.85
0.5698,397.878
0.57013,393.08
0.57045,390.857
0.57078,379.171
0.5711,360.043
0.57143,386.363
0.57176,398.398
0.57208,399.785
0.57241,403.628
0.57274,407.248
0.57307,408.332
0.57339,391.847
0.57372,405.919
0.57405,396.743
0.57438,396.408
0.57471,405.309
0.57504,386.759
0.57537,380.063
0.57571,386.342
0.57604,403.228
0.57637,377.12
0.5767,408.349
0.57703,395.779
0.57737,396.333
0.5777,392.135
0.57803,398.361
0.57837,376.728
0.5787,372.476
0.57904,400.641
0.57937,385.915
0.57971,405.399
0.58005,395.74
0.58038,404.79
0.58072,387.237
0.58106,390.427
0.5814,402.543
0.58173,384.652
0.58207,407.963
0.58241,400.942
0.58275,406.628
0.58309,403.742
0.58343,401.362
0.58377,401.012
0.58411,396.296
0.58445,403.359
0.5848,396.443
0.58514,399.838
0.58548,386.538
0.58582,373.734
0.58617,382.019
0.58651,389.92
0.58685,380.757
0.5872,395.906
0.58754,390.379
0.58789,387.599
0.58824,372.371
0.58858,368.881
0.58893,363.858
0.58928,298.113
0.58962,334.559
0.58997,356.198
0.59032,373.453
0.59067,364.469
0.59102,376.033
0.59137,375.616
0.59172,357.922
0.59207,372.589
0.59242,372.747
0.59277,372.564
0.59312,359.673
0.59347,379.436
0.59382,378.507
0.59418,372.185
0.59453,366.74
0.59488,360.346
0.59524,370.805
0.59559,371.637
0.59595,369.049
0.5963,375.506
0.59666,373.058
0.59701,375.511
0.59737,377.805
0.59773,348.577
0.59809,372.591
0.59844,374.808
0.5988,364.066
0.59916,374.381
0.59952,374.237
0.59988,359.727
0.60024,376.477
0.6006,370.425
0.60096,352.704
0.60132,374.213
0.60168,369.207
0.60205,372.754
0.60241,364.483
0.60277,371.231
0.60314,359.615
0.6035,379.751
0.60386,380.094
0.60423,379.847
0.60459,377.48
0.60496,379.478
0.60533,379.423
0.60569,368.832
0.60606,379.191
0.60643,376.444
0.6068,359.88
0.60716,379.69
0.60753,381.178
0.6079,370.593
0.60827,375.035
0.60864,364.996
0.60901,372.371
0.60938,368.849
0.60976,373.07
0.61013,376.459
0.6105,343.94
0.61087,359.415
0.61125,375.669
0.61162,373.664
0.612,374.429
0.61237,347.683
0.61275,361.847
0.61312,356.516
0.6135,370.288
0.61387,310.48
0.61425,356.477
0.61463,361.913
0.61501,360.382
0.61538,366.841
0.61576,352.885
0.61614,353.53
0.61652,334.178
0.6169,359.78
0.61728,353.013
0.61767,363.261
0.61805,370.276
0.61843,376.279
0.61881,369.654
0.6192,355.652
0.61958,370.299
0.61996,373.774
0.62035,369.874
0.62073,375.676
0.62112,375.645
0.6215,355.562
0.62189,368.225
0.62228,352.398
0.62266,372.577
0.62305,361.368
0.62344,354.484
0.62383,356.996
0.62422,353.881
0.62461,337.599
0.625,361.958
0.62539,345.067
0.62578,350.076
0.62617,360.76
0.62657,355.969
0.62696,364.812
0.62735,355.745
0.62775,343.492
0.62814,317.392
0.62854,342.401
0.62893,352.898
0.62933,344.749
0.62972,349.391
0.63012,343.885
0.63052,342.795
0.63091,359.505
0.63131,354.408
0.63171,323.487
0.63211,332.613
0.63251,350.99
0.63291,361.53
0.63331,358.406
0.63371,340.647
0.63412,354.929
0.63452,349.44
0.63492,359.121
0.63532,363.153
0.63573,348.556
0.63613,344.93
0.63654,348.83
0.63694,359.188
0.63735,361.139
0.63776,366.403
0.63816,359.069
0.63857,359.809
0.63898,366.916
0.63939,351.891
0.6398,365.585
0.6402,328.92
0.64061,367.756
0.64103,349.047
0.64144,348.479
0.64185,354.321
0.64226,334.159
0.64267,364.409
0.64309,358.106
0.6435,355.211
0.64391,350.803
0.64433,359.041
0.64475,362.759
0.64516,339.571
0.64558,354.821
0.64599,352.454
0.64641,317.844
0.64683,344.153
0.64725,335.472
0.64767,338.613
0.64809,346.912
0.64851,334.122
0.64893,348.959
0.64935,338.689
0.64977,300.852
0.6502,336.716
0.65062,344.951
0.65104,350.688
0.65147,350.413
0.65189,334.996
0.65232,344.707
0.65274,350.248
0.65317,353.326
0.65359,343.017
0.65402,344.226
0.65445,347.743
0.65488,325.905
0.65531,338.122
0.65574,320.539
0.65617,287.254
0.6566,238.215
0.65703,315.691
0.65746,331.194
0.65789,343.076
0.65833,346.494
0.65876,344.129
0.6592,350.022
0.65963,332.236
0.66007,346.988
0.6605,352.794
0.66094,345.961
0.66138,353.57
0.66181,355.349
0.66225,354.535
0.66269,351.969
0.66313,350.388
0.66357,333.526
0.66401,350.73
0.66445,342.836
0.66489,344.124
0.66534,351.159
0.66578,353.086
0.66622,347.1
0.66667,337.272
0.66711,352.399
0.66756,353.225
0.668,331.515
0.66845,352.218
0.6689,350.783
0.66934,351.304
0.66979,341.47
0.67024,349.271
0.67069,344.956
0.67114,348.934
0.67159,337.425
0.67204,340.516
0.67249,346.009
0.67295,343.372
0.6734,346.442
0.67385,348.291
0.67431,346.057
0.67476,345.2
0.67522,334.597
0.67568,348.116
0.67613,347.653
0.67659,345.738
0.67705,338.92
0.67751,342.643
0.67797,344.985
0.67843,340.52
0.67889,341.924
0.67935,341.916
0.67981,338.035
0.68027,341.921
0.68074,337.306
0.6812,339.006
0.68166,336.203
0.68213,338.662
0.68259,341.898
0.68306,333.583
0.68353,341.985
0.68399,339.324
0.68446,321.184
0.68493,341.804
0.6854,335.502
0.68587,322.947
0.68634,305.395
0.68681,267.03
0.68729,178.183
0.68776,191.39
0.68823,242.452
0.68871,248.165
0.68918,236.921
0.68966,236.738
0.69013,251.344
0.69061,264.707
0.69108,279.151
0.69156,282.632
0.69204,293.87
0.69252,296.674
0.693,301.864
0.69348,295.396
0.69396,302.359
0.69444,301.609
0.69493,302.385
0.69541,304.077
0.69589,306.094
0.69638,314.675
0.69686,321.572
0.69735,319.126
0.69784,313.626
0.69832,314.221
0.69881,312.265
0.6993,307.901
0.69979,311.82
0.70028,299.821
0.70077,297.06
0.70126,300.184
0.70175,289.124
0.70225,306.638
0.70274,301.594
0.70323,311.324
0.70373,313.911
0.70423,312.881
0.70472,311.64
0.70522,311.942
0.70572,305.618
0.70621,306.156
0.70671,310.248
0.70721,299.812
0.70771,312.087
0.70822,313.692
0.70872,302.14
0.70922,303.901
0.70972,308.376
0.71023,310.709
0.71073,309.936
0.71124,306.21
0.71174,308.662
0.71225,307.431
0.71276,308.586
0.71327,295.742
0.71378,308.765
0.71429,306.325
0.7148,295.339
0.71531,295.25
0.71582,297.23
0.71633,293.533
0.71685,271.681
0.71736,268.633
0.71788,255.398
0.71839,248.177
0.71891,238.376
0.71942,240.955
0.71994,242.884
0.72046,249.199
0.72098,251.052
0.7215,282.637
0.72202,288.483
0.72254,274.372
0.72307,281.659
0.72359,267.637
0.72411,261.188
0.72464,260.33
0.72516,262.486
0.72569,267.078
0.72622,256.828
0.72674,266.155
0.72727,264.86
0.7278,256.073
0.72833,266.295
0.72886,264.044
0.72939,251.95
0.72993,265.335
0.73046,266.393
0.73099,254.704
0.73153,266.829
0.73206,274
0.7326,282.316
0.73314,283.538
0.73368,287.542
0.73421,292.544
0.73475,290.262
0.73529,284.62
0.73584,277.084
0.73638,276.401
0.73692,284.89
0.73746,288.666
0.73801,288.841
0.73855,283.341
0.7391,273.217
0.73964,284.846
0.74019,283.51
0.74074,290.307
0.74129,277.611
0.74184,277.999
0.74239,277.405
0.74294,297.286
0.74349,294.82
0.74405,295.424
0.7446,283.643
0.74516,290.817
0.74571,295.082
0.74627,288.875
0.74683,296.671
0.74738,292.207
0.74794,291.358
0.7485,288.977
0.74906,293.624
0.74963,278.639
0.75019,290.839
0.75075,290.548
0.75131,275.074
0.75188,292.134
0.75245,283.001
0.75301,290.711
0.75358,290.077
0.75415,291.96
0.75472,290.887
0.75529,290.448
0.75586,283.027
0.75643,285.274
0.757,283.292
0.75758,283.973
0.75815,285.878
0.75873,256.692
0.7593,169.103
0.75988,46.5053
0.76046,11.695
0.76104,15.0366
0.76161,47.7131
0.7622,78.2134
0.76278,62.3031
0.76336,48.1673
0.76394,58.9972
0.76453,79.7477
0.76511,104.709
0.7657,130.664
0.76628,158.114
0.76687,188.679
0.76746,221.309
0.76805,236.599
0.76864,251.419
0.76923,253.382
0.76982,263.287
0.77042,270.442
0.77101,272.064
0.7716,266.911
0.7722,270.957
0.7728,266.736
0.7734,274.832
0.77399,275.331
0.77459,266.721
0.77519,259.12
0.7758,274.397
0.7764,272.977
0.777,274.146
0.7776,263.966
0.77821,272.337
0.77882,271.762
0.77942,271.623
0.78003,263.03
0.78064,270.906
0.78125,263.307
0.78186,270.421
0.78247,268.775
0.78309,267.061
0.7837,258.733
0.78431,266.816
0.78493,266.444
0.78555,261.778
0.78616,262.811
0.78678,263.577
0.7874,259.597
0.78802,256.5
0.78864,256.724
0.78927,254.163
0.78989,250.975
0.79051,252.502
0.79114,250.774
0.79177,247.424
0.79239,251.703
0.79302,251.574
0.79365,247.603
0.79428,249.714
0.79491,243.938
0.79554,250.156
0.79618,244.99
0.79681,246.43
0.79745,248.787
0.79808,250.639
0.79872,250.238
0.79936,249.665
0.8,238.344
0.80064,245.217
0.80128,244.716
0.80192,244.683
0.80257,243.775
0.80321,240.752
0.80386,242.56
0.80451,244.238
0.80515,239.747
0.8058,247.061
0.80645,248.277
0.8071,245.559
0.80775,243.724
0.80841,242.102
0.80906,241.27
0.80972,236.82
0.81037,240.445
0.81103,238.868
0.81169,235.322
0.81235,234.819
0.81301,231.034
0.81367,227.925
0.81433,224.631
0.815,221.431
0.81566,216.654
0.81633,210.101
0.81699,210.63
0.81766,213.277
0.81833,205.267
0.819,211.178
0.81967,203.584
0.82034,219.434
0.82102,224.664
0.82169,221.365
0.82237,205.784
0.82305,201.576
0.82372,209.472
0.8244,222.737
0.82508,222.664
0.82576,224.526
0.82645,226.07
0.82713,225.04
0.82781,217.943
0.8285,217.887
0.82919,219.197
0.82988,218.44
0.83056,219.271
0.83126,215.429
0.83195,218.279
0.83264,218.278
0.83333,217.024
0.83403,219.334
0.83472,220.005
0.83542,226.872
0.83612,223.803
0.83682,219.402
0.83752,224.994
0.83822,224.206
0.83893,211.053
0.83963,225.808
0.84034,223.968
0.84104,224.925
0.84175,222.541
0.84246,221.828
0.84317,226.476
0.84388,217.487
0.84459,223.837
0.84531,226.353
0.84602,223.835
0.84674,221.809
0.84746,222.059
0.84818,223.711
0.8489,224.456
0.84962,214.212
0.85034,199.812
0.85106,221.606
0.85179,206.272
0.85251,219.257
0.85324,216.066
0.85397,190.466
0.8547,157.027
0.85543,214.319
0.85616,216.859
0.8569,220.353
0.85763,219.203
0.85837,213.043
0.85911,215.752
0.85985,214.61
0.86059,217.63
0.86133,212.269
0.86207,214.811
0.86281,218.285
0.86356,214.674
0.8643,217.278
0.86505,210.634
0.8658,206.361
0.86655,138.818
0.8673,205.063
0.86806,207.477
0.86881,205.887
0.86957,210.831
0.87032,208.962
0.87108,209.718
0.87184,208.879
0.8726,212.245
0.87336,209.503
0.87413,207.014
0.87489,204.917
0.87566,200.54
0.87642,208.342
0.87719,207.067
0.87796,206.392
0.87873,206.393
0.87951,197.999
0.88028,206.028
0.88106,186.392
0.88183,201.293
0.88261,193.183
0.88339,203.35
0.88417,196.429
0.88496,200.395
0.88574,200.769
0.88652,185.541
0.88731,197.772
0.8881,197.281
0.88889,199.728
0.88968,197.807
0.89047,199.247
0.89127,195.213
0.89206,193.649
0.89286,185.086
0.89366,188.486
0.89445,179.591
0.89526,176.284
0.89606,173.068
0.89686,161.035
0.89767,160.695
0.89847,158.192
0.89928,150.747
0.90009,145.329
0.9009,146.953
0.90171,136.272
0.90253,147.54
0.90334,162.924
0.90416,173.259
0.90498,174.618
0.9058,170.889
0.90662,155.044
0.90744,150.356
0.90827,143.499
0.90909,138.049
0.90992,143.124
0.91075,149.192
0.91158,149.98
0.91241,148.83
0.91324,142.049
0.91408,145.235
0.91491,145.641
0.91575,146.9
0.91659,147.381
0.91743,145.436
0.91827,150.815
0.91912,159.177
0.91996,162.786
0.92081,161.212
0.92166,155.476
0.92251,159.337
0.92336,148.805
0.92421,151.68
0.92507,152.088
0.92593,146.452
0.92678,151.388
0.92764,145.994
0.92851,139.387
0.92937,129.091
0.93023,118.106
0.9311,104.443
0.93197,90.9624
0.93284,81.9499
0.93371,68.7968
0.93458,59.845
0.93545,64.2191
0.93633,65.3452
0.93721,65.457
0.93809,78.5909
0.93897,103.528
0.93985,119.821
0.94073,115.235
0.94162,99.8051
0.94251,95.2354
0.9434,81.5323
0.94429,79.5921
0.94518,87.1592
0.94607,88.1617
0.94697,90.9025
0.94787,97.3157
0.94877,97.4233
0.94967,94.0287
0.95057,100.7
0.95147,104.663
0.95238,95.813
0.95329,100.693
0.9542,105.856
0.95511,94.6521
0.95602,99.7008
0.95694,108.952
0.95785,118.848
0.95877,118.457
0.95969,113.474
0.96061,110.981
0.96154,112.627
0.96246,112.131
0.96339,120.954
0.96432,121.302
0.96525,119.973
0.96618,117.354
0.96712,127.005
0.96805,136.162
0.96899,140.669
0.96993,142.639
0.97087,139.881
0.97182,140.2
0.97276,137.023
0.97371,131.577
0.97466,127.91
0.97561,130.067
0.97656,130.444
0.97752,135.786
0.97847,132.682
0.97943,134.736
0.98039,138.207
0.98135,140.71
0.98232,138.732
0.98328,140.271
0.98425,142.596
0.98522,143.892
0.98619,144.144
0.98717,145.171
0.98814,145.613
0.98912,140.879
0.9901,142.202
0.99108,144.415
0.99206,144.567
0.99305,143.731
0.99404,144.315
0.99502,143.556
0.99602,143.127
0.99701,142.601
0.998,141.656
0.999,140.731
1,139.95
1.001,139.69
1.002,138.237
1.00301,136.636
1.00402,135.389
1.00503,125.524
1.00604,132.86
1.00705,135.256
1.00806,134.661
1.00908,133.043
1.0101,133.353
1.01112,133.72
1.01215,133.731
1.01317,133.617
1.0142,133.054
1.01523,131.892
1.01626,131.402
1.01729,131.697
1.01833,129.808
1.01937,127.609
1.02041,129.145
1.02145,128.709
1.02249,128.658
1.02354,128.203
1.02459,127.883
1.02564,128.42
1.02669,127.598
1.02775,127.638
1.02881,126.487
1.02987,127.377
1.03093,126.927
1.03199,126.873
1.03306,123.209
1.03413,125.179
1.0352,124.874
1.03627,125.622
1.03734,121.98
1.03842,123.971
1.0395,123.038
1.04058,123.725
1.04167,124.286
1.04275,122.024
1.04384,123.816
1.04493,123.475
1.04603,119.935
1.04712,122.184
1.04822,123.794
1.04932,123.389
1.05042,122.84
1.05152,123.072
1.05263,123.354
1.05374,121.933
1.05485,123.339
1.05597,123.454
1.05708,123.383
1.0582,121.291
1.05932,121.988
1.06045,119.781
1.06157,122.173
1.0627,121.151
1.06383,121.84
1.06496,121.563
1.0661,118.339
1.06724,120.325
1.06838,116.415
1.06952,111.848
1.07066,118.135
1.07181,117.821
1.07296,113.217
1.07411,117.707
1.07527,113.31
1.07643,117.692
1.07759,116.216
1.07875,111.051
1.07991,114.783
1.08108,110.727
1.08225,110.786
1.08342,109.738
1.0846,109.193
1.08578,110.194
1.08696,105.596
1.08814,111.161
1.08932,107.406
1.09051,108.24
1.0917,106.368
1.0929,103.237
1.09409,91.0585
1.09529,99.4448
1.09649,99.1524
1.09769,96.3298
1.0989,88.3005
1.10011,88.3625
1.10132,88.2674
1.10254,87.0109
1.10375,89.1022
1.10497,86.3666
1.10619,82.2535
1.10742,82.4378
1.10865,84.2483
1.10988,85.0602
1.11111,83.1548
1.11235,77.3533
1.11359,70.8775
1.11483,67.1008
1.11607,57.7218
1.11732,47.8964
1.11857,38.7676
1.11982,32.4427
1.12108,28.4894
1.12233,23.4363
1.1236,26.2975
1.12486,29.1107
1.12613,25.9516
1.1274,26.757
1.12867,29.3902
1.12994,37.3319
1.13122,48.7575
1.1325,43.662
1.13379,24.7277
1.13507,20.2269
1.13636,35.2765
1.13766,48.7464
1.13895,55.5208
1.14025,53.4046
1.14155,49.5159
1.14286,46.6064
1.14416,39.2972
1.14548,34.0372
1.14679,36.9607
1.14811,44.0319
1.14943,45.6407
1.15075,45.4266
1.15207,48.4281
1.1534,50.7422
1.15473,51.6566
1.15607,56.7274
1.15741,65.3831
1.15875,70.1392
1.16009,71.2739
1.16144,71.4093
1.16279,77.4806
1.16414,76.1204
1.1655,76.2226
1.16686,75.9569
1.16822,75.89
1.16959,73.3365
1.17096,75.3748
1.17233,74.1656
1.17371,72.3014
1.17509,71.6283
1.17647,73.8034
1.17786,70.0593
1.17925,70.2386
1.18064,69.3997
1.18203,66.9942
1.18343,64.1318
1.18483,68.3334
1.18624,68.6842
1.18765,67.2351
1.18906,64.7021
1.19048,70.3782
1.1919,71.8345
1.19332,72.0078
1.19474,71.1852
1.19617,70.3022
1.1976,67.1593
1.19904,65.3524
1.20048,69.6734
1.20192,68.8067
1.20337,62.4833
1.20482,65.816
1.20627,67.5664
1.20773,67.3641
1.20919,64.8453
1.21065,64.2749
1.21212,66.2311
1.21359,66.7253
1.21507,66.9089
1.21654,67.0102
1.21803,66.2848
1.21951,65.1901
1.221,65.6354
1.22249,65.3424
1.22399,65.6696
1.22549,65.8059
1.22699,64.6481
1.2285,66.1743
1.23001,66.2029
1.23153,65.7679
1.23305,65.5671
1.23457,65.2004
1.23609,65.5271
1.23762,65.3064
1.23916,64.3028
1.24069,64.5055
1.24224,63.7795
1.24378,62.9921
1.24533,63.7316
1.24688,63.1275
1.24844,63.2451
1.25,62.8499
1.25156,62.0102
1.25313,61.8021
1.25471,61.4147
1.25628,60.5662
1.25786,59.6823
1.25945,58.0893
1.26103,55.7466
1.26263,53.272
1.26422,51.231
1.26582,51.3406
1.26743,48.9075
1.26904,46.8518
1.27065,50.9813
1.27226,53.6541
1.27389,54.3205
1.27551,55.4371
1.27714,55.875
1.27877,55.8446
1.28041,55.3875
1.28205,49.2355
1.2837,55.4043
1.28535,56.2488
1.287,56.2429
1.28866,54.9184
1.29032,53.6402
1.29199,54.6513
1.29366,54.3675
1.29534,53.6156
1.29702,52.1233
1.2987,51.9945
1.30039,51.6926
1.30208,50.6154
1.30378,48.9251
1.30548,48.7544
1.30719,48.13
1.3089,46.9012
1.31062,45.7978
1.31234,43.1898
1.31406,41.4975
1.31579,40.6191
1.31752,42.5766
1.31926,39.499
1.321,36.1722
1.32275,37.6752
1.3245,40.1351
1.32626,37.9251
1.32802,31.5348
1.32979,25.3379
1.33156,22.0952
1.33333,23.9407
1.33511,26.7829
1.3369,27.6344
1.33869,27.9796
1.34048,29.3524
1.34228,29.2954
1.34409,24.78
1.3459,17.0648
1.34771,10.306
1.34953,6.12498
1.35135,3.05052
1.35318,1.12228
1.35501,0.517807
1.35685,0.306071
1.3587,0.141024
1.36054,0.0773715
1.3624,0.0700434
1.36426,0.0794861
1.36612,0.0862088
1.36799,0.0762639
1.36986,0.0777025
1.37174,0.16243
1.37363,0.569571
1.37552,0.834542
1.37741,0.609195
1.37931,0.232794
1.38122,0.0857389
1.38313,0.0722721
1.38504,0.114818
1.38696,0.269435
1.38889,0.616117
1.39082,0.789038
1.39276,0.445494
1.3947,0.212545
1.39665,0.378226
1.3986,0.601918
1.40056,0.482441
1.40252,0.725956
1.40449,0.783132
1.40647,0.731994
1.40845,1.00321
1.41044,1.75631
1.41243,2.27032
1.41443,2.40981
1.41643,3.17763
1.41844,3.16177
1.42045,3.25404
1.42248,4.0044
1.4245,3.95584
1.42653,3.59211
1.42857,3.89938
1.43062,3.66893
1.43266,2.62015
1.43472,2.44731
1.43678,2.79082
1.43885,3.09638
1.44092,3.09563
1.443,2.99614
1.44509,3.01693
1.44718,3.24586
1.44928,3.05469
1.45138,2.73562
1.45349,3.41555
1.4556,4.04536
1.45773,4.25379
1.45985,3.81867
1.46199,3.27367
1.46413,2.78433
1.46628,2.27388
1.46843,1.89919
1.47059,1.51121
1.47275,1.91494
1.47493,2.52613
1.4771,2.28919
1.47929,2.00283
1.48148,2.16459
1.48368,2.31526
1.48588,2.3056
1.4881,2.44391
1.49031,3.32968
1.49254,3.4944
1.49477,3.59673
1.49701,3.79851
1.49925,4.13151
1.5015,4.20563
1.50376,3.86182
1.50602,4.03625
1.5083,4.25281
1.51057,4.41928
1.51286,4.36457
1.51515,4.42614
1.51745,4.44183
1.51976,4.53311
1.52207,4.61778
1.52439,4.69152
1.52672,4.77889
1.52905,4.80155
1.53139,4.90586
1.53374,4.87426
1.5361,5.04364
1.53846,5.09494
1.54083,5.14204
1.54321,5.34496
1.5456,5.55365
1.54799,5.5411
1.55039,5.67332
1.5528,5.80834
1.55521,5.81599
1.55763,5.98959
1.56006,6.05271
1.5625,6.16735
1.56495,6.18276
1.5674,5.93469
1.56986,5.52738
1.57233,5.43317
1.5748,5.40324
1.57729,5.42156
1.57978,6.04879
1.58228,6.24858
1.58479,6.76193
1.5873,6.93028
1.58983,6.70805
1.59236,7.36588
1.5949,7.52799
1.59744,7.33204
1.6,6.91875
1.60256,6.74831
1.60514,6.93622
1.60772,7.04281
1.61031,6.79727
1.6129,7.3782
1.61551,7.55133
1.61812,7.99293
1.62075,7.93352
1.62338,8.43186
1.62602,8.46842
1.62866,8.60008
1.63132,8.57544
1.63399,8.45904
1.63666,8.33366
1.63934,7.99387
1.64204,8.02397
1.64474,8.15882
1.64745,8.38623
1.65016,8.38919
1.65289,8.54451
1.65563,8.71836
1.65837,8.85029
1.66113,8.97167
1.66389,8.8556
1.66667,8.81564
1.66945,9.05326
1.67224,8.94261
1.67504,9.03784
1.67785,9.12588
1.68067,8.66903
1.6835,9.15329
1.68634,9.31589
1.68919,9.30621
1.69205,9.5315
1.69492,9.61064
1.69779,9.64548
1.70068,9.61618
1.70358,9.6417
1.70648,9.62373
1.7094,9.59977
1.71233,9.53182
1.71527,9.74933
1.71821,9.72751
1.72117,9.50944
1.72414,9.26544
1.72712,9.5104
1.7301,9.59627
1.7331,8.9951
1.73611,8.63747
1.73913,9.06905
1.74216,9.11496
1.7452,9.04055
1.74825,9.11406
1.75131,9.09495
1.75439,9.13907
1.75747,9.12617
1.76056,9.07577
1.76367,8.73002
1.76678,8.46417
1.76991,8.42021
1.77305,8.29944
1.7762,7.49821
1.77936,7.08911
1.78253,6.82977
1.78571,6.65713
1.78891,6.7024
1.79211,5.80759
1.79533,4.87899
1.79856,4.00332
1.8018,2.67061
1.80505,2.33312
1.80832,1.94179
1.81159,1.21075
1.81488,0.838275
1.81818,0.482277
1.82149,0.323254
1.82482,0.258495
1.82815,0.0941465
1.8315,0.0307805
1.83486,0.0163548
1.83824,0.0111733
1.84162,0.012828
1.84502,0.0165838
1.84843,0.0132933
1.85185,0.0130672
1.85529,0.0128128
1.85874,0.0149266
1.8622,0.0276188
1.86567,0.0253413
1.86916,0.0104163
1.87266,0.00813378
1.87617,0.00928945
1.8797,0.031277
1.88324,0.057582
1.88679,0.0632532
1.89036,0.0436831
1.89394,0.0311067
1.89753,0.0199071
1.90114,0.0110748
1.90476,0.0110214
1.9084,0.0151294
1.91205,0.0159097
1.91571,0.0224172
1.91939,0.0433462
1.92308,0.0660071
1.92678,0.0726037
1.9305,0.0857109
1.93424,0.125874
1.93798,0.146356
1.94175,0.172173
1.94553,0.173367
1.94932,0.182368
1.95312,0.140303
1.95695,0.119515
1.96078,0.15405
1.96464,0.210256
1.9685,0.293084
1.97239,0.39516
1.97628,0.488084
1.9802,0.534888
1.98413,0.561678
1.98807,0.555406
1.99203,0.501439
1.99601,0.357224
2,0.123252
2.00401,0.0464037
2.00803,0.0542138
2.01207,0.0670186
2.01613,0.0853281
2.0202,0.161883
2.02429,0.308316
2.0284,0.440234
2.03252,0.531549
2.03666,0.57493
2.04082,0.588819
2.04499,0.555861
2.04918,0.437804
2.05339,0.326771
2.05761,0.347351
2.06186,0.392283
2.06612,0.402965
2.07039,0.440311
2.07469,0.581715
2.079,0.700077
2.08333,0.763387
2.08768,0.848383
2.09205,0.925589
2.09644,1.01685
2.10084,1.09921
2.10526,1.17795
2.1097,1.23846
2.11416,1.3288
2.11864,1.40831
2.12314,1.52177
2.12766,1.66832
2.1322,1.82131
2.13675,1.93786
2.14133,2.08181
2.14592,2.15934
2.15054,2.23576
2.15517,2.36159
2.15983,2.39557
2.1645,2.31523
2.1692,2.44887
2.17391,2.55867
2.17865,2.57368
2.18341,2.61868
2.18818,2.67369
2.19298,2.73852
2.1978,2.60624
2.20264,2.60531
2.20751,2.77462
2.21239,3.04556
2.21729,3.06791
2.22222,3.11567
2.22717,3.10809
2.23214,3.13521
2.23714,3.127
2.24215,3.15899
2.24719,3.17474
2.25225,3.14334
2.25734,2.88995
2.26244,2.70346
2.26757,2.62356
2.27273,2.52493
2.2779,2.44468
2.28311,2.31267
2.28833,2.21772
2.29358,2.00722
2.29885,1.87778
2.30415,1.87781
2.30947,1.91089
2.31481,1.73016
2.32019,1.55738
2.32558,1.55285
2.331,1.54615
2.33645,1.36639
2.34192,1.20612
2.34742,1.1147
2.35294,1.08272
2.35849,1.15375
2.36407,1.10263
2.36967,0.918093
2.3753,0.874204
2.38095,0.915394
2.38663,0.872507
2.39234,0.884963
2.39808,0.883792
2.40385,0.849962
2.40964,0.778181
2.41546,0.684795
2.42131,0.733223
2.42718,0.756772
2.43309,0.71707
2.43902,0.67684
2.44499,0.580581
2.45098,0.510845
2.457,0.554263
2.46305,0.543087
2.46914,0.452133
2.47525,0.369765
2.48139,0.259627
2.48756,0.182403
2.49377,0.172587
2.5,0.18176
2.50627,0.138052
2.51256,0.0738053
2.51889,0.0382565
2.52525,0.0155286
2.53165,0.00455279
2.53807,0.00200581
2.54453,0.00128708
2.55102,0.001194
2.55754,0.00113479
2.5641,0.000988819
2.57069,0.000885851
2.57732,0.000840126
2.58398,0.000757666
2.59067,0.000732198
2.5974,0.000706086
2.60417,0.000675951
2.61097,0.000650182
2.6178,0.000653901
2.62467,0.000642803
2.63158,0.000742201
2.63852,0.000826038
2.6455,0.000825057
2.65252,0.000739241
2.65957,0.00062142
2.66667,0.00039441
2.6738,0.00026954
2.68097,0.000225221
2.68817,0.000226397
2.69542,0.000233012
2.7027,0.000240301
2.71003,0.000275957
2.71739,0.000357574
2.7248,0.000467935
2.73224,0.000527572
2.73973,0.000460651
2.74725,0.000339455
2.75482,0.00025579
2.76243,0.00024842
2.77008,0.000262741
2.77778,0.000260794
2.78552,0.000289105
2.7933,0.000382825
2.80112,0.000492489
2.80899,0.000612515
2.8169,0.000792811
2.82486,0.00102362
2.83286,0.00121478
2.84091,0.00132689
2.849,0.00143468
2.85714,0.00161125
2.86533,0.00191045
2.87356,0.00235051
2.88184,0.00299446
2.89017,0.00384577
2.89855,0.00470435
2.90698,0.00579336
2.91545,0.00745766
2.92398,0.0108311
2.93255,0.0141584
2.94118,0.0144916
2.94985,0.0146214
2.95858,0.0160559
2.96736,0.0141257
2.97619,0.0138862
2.98507,0.0207516
2.99401,0.0259814
3.003,0.0268019
3.01205,0.0256778
3.02115,0.0245526
3.0303,0.0244459
3.03951,0.0212597
3.04878,0.0197008
3.0581,0.0219344
3.06748,0.0258305
3.07692,0.0278597
3.08642,0.0250788
3.09598,0.0223368
3.10559,0.0238878
3.11526,0.0299562
3.125,0.0380477
3.1348,0.0404886
3.14465,0.0378164
3.15457,0.0439399
3.16456,0.0514477
3.1746,0.0476727
3.18471,0.0371067
3.19489,0.0220312
3.20513,0.0131531
3.21543,0.0120573
3.22581,0.0146696
3.23625,0.0183323
3.24675,0.0194329
3.25733,0.0191297
3.26797,0.0196627
3.27869,0.022633
3.28947,0.0245069
3.30033,0.0203164
3.31126,0.0144339
3.32226,0.0146638
3.33333,0.0228915
3.34448,0.0270429
3.3557,0.0274299
3.367,0.028773
3.37838,0.0305771
3.38983,0.0320826
3.40136,0.0327852
3.41297,0.0339636
3.42466,0.0354851
3.43643,0.0366084
3.44828,0.0383798
3.46021,0.0402771
3.47222,0.0413418
3.48432,0.0426589
3.4965,0.0452676
3.50877,0.0478936
3.52113,0.0483621
3.53357,0.0468921
3.5461,0.0468412
3.55872,0.047799
3.57143,0.0477338
3.58423,0.0489145
3.59712,0.0521134
3.61011,0.0556124
3.62319,0.0591163
3.63636,0.0618099
3.64964,0.0635727
3.663,0.0641316
3.67647,0.0638312
3.69004,0.066945
3.7037,0.0699696
3.71747,0.071699
3.73134,0.0729949
3.74532,0.0742332
3.7594,0.0762961
3.77358,0.0778306
3.78788,0.0797252
3.80228,0.082159
3.81679,0.084803
3.83142,0.086643
3.84615,0.0866093
3.861,0.084435
3.87597,0.0827856
3.89105,0.0845956
3.90625,0.0876282
3.92157,0.090001
3.93701,0.0937739
3.95257,0.0983114
3.96825,0.101994
3.98406,0.103832
4,0.10485
4.01606,0.104962
4.03226,0.104846
4.04858,0.105149
4.06504,0.106085
4.08163,0.10604
4.09836,0.10654
4.11523,0.107693
4.13223,0.108092
4.14938,0.106544
4.16667,0.101721
4.1841,0.0438815
4.20168,0.014711
4.21941,0.0224833
4.23729,0.0314827
4.25532,0.0321901
4.2735,0.0255415
4.29185,0.0297889
4.31034,0.0265972
4.329,0.0227292
4.34783,0.0209452
4.36681,0.0216319
4.38596,0.0264776
4.40529,0.0327327
4.42478,0.0420978
4.44444,0.0568216
4.46429,0.0674063
4.4843,0.086648
4.5045,0.110199
4.52489,0.123074
4.54545,0.14764
4.56621,0.190185
4.58716,0.232259
4.60829,0.264113
4.62963,0.287933
4.65116,0.305857
4.6729,0.314962
4.69484,0.309389
4.71698,0.300945
4.73934,0.309082
4.7619,0.319593
4.78469,0.329839
4.80769,0.339017
4.83092,0.349917
4.85437,0.371731
4.87805,0.400986
4.90196,0.428603
4.92611,0.448889
4.9505,0.460839
4.97512,0.475723
5,0.48756
5.02513,0.498972
5.05051,0.522824
5.07614,0.532305
5.10204,0.530103
5.12821,0.530448
5.15464,0.541469
5.18135,0.547262
5.20833,0.519304
5.2356,0.525728
5.26316,0.56417
5.29101,0.586181
5.31915,0.606538
5.34759,0.603915
5.37634,0.609236
5.40541,0.599929
5.43478,0.535535
5.46448,0.537733
5.49451,0.606201
5.52486,0.599461
5.55556,0.524102
5.58659,0.49654
5.61798,0.488789
5.64972,0.47573
5.68182,0.475048
5.71429,0.440509
5.74713,0.422047
5.78035,0.472758
5.81395,0.488107
5.84795,0.444288
5.88235,0.4033
5.91716,0.415505
5.95238,0.439787
5.98802,0.476568
6.0241,0.503089
6.06061,0.496747
6.09756,0.537651
6.13497,0.577477
6.17284,0.628596
6.21118,0.777371
6.25,0.922061
6.28931,0.962548
6.32911,0.88158
6.36943,0.69801
6.41026,0.626968
6.45161,0.644832
6.49351,0.64766
6.53595,0.660976
6.57895,0.680874
6.62252,0.719964
6.66667,0.800549
6.71141,0.945585
6.75676,1.06311
6.80272,1.05843
6.84932,1.09048
6.89655,1.2807
6.94444,1.40667
6.99301,1.40793
7.04225,1.49772
7.0922,1.65086
7.14286,1.6739
7.19424,1.74701
7.24638,1.87315
7.29927,1.912
7.35294,1.99923
7.40741,2.09442
7.46269,2.18991
7.5188,2.31372
7.57576,2.34039
7.63359,2.25135
7.69231,2.11977
7.75194,2.24886
7.8125,2.35717
7.87402,2.39048
7.93651,2.5916
8,2.86609
8.06452,3.07012
8.13008,3.21295
8.19672,3.30812
8.26446,3.40213
8.33333,3.48063
8.40336,3.52326
8.47458,3.56329
8.54701,3.61636
8.62069,3.66286
8.69565,3.70009
8.77193,3.74363
8.84956,3.79252
8.92857,3.85226
9.00901,3.91364
9.09091,3.95549
9.17431,3.97812
9.25926,3.96996
9.34579,3.8029
9.43396,2.97484
9.52381,2.57268
9.61539,2.6722
9.70874,2.72778
9.80392,2.94839
9.90099,3.46212
10,3.9607
10.101,4.2405
10.2041,4.3678
10.3093,4.43644
10.4167,4.47943
10.5263,4.50203
10.6383,4.51988
10.7527,4.53726
10.8696,4.55041
10.989,4.56184
11.1111,4.56856
11.236,4.56748
11.3636,4.564
11.4942,4.55934
11.6279,4.54735
11.7647,4.53173
11.9048,4.51845
12.0482,4.49232
12.1951,4.45324
12.3457,4.39869
12.5,4.33107
12.6582,4.2782
12.8205,4.22418
12.987,4.10222
13.1579,3.86847
13.3333,3.52266
13.5135,3.21009
13.6986,2.95951
13.8889,2.6441
14.0845,2.336
14.2857,2.06976
14.4927,1.95439
14.7059,1.93459
14.9254,1.92713
15.1515,1.90601
15.3846,1.88718
15.625,1.91709
15.873,2.08464
16.129,2.32612
16.3934,2.50855
16.6667,2.61338
16.9491,2.70467
17.2414,2.77843
17.5439,2.81311
17.8571,2.80496
18.1818,2.73802
18.5185,2.65823
18.8679,2.56633
19.2308,2.43828
19.6078,2.33632
20,2.26595
20.4082,2.17749
20.8333,2.06358
21.2766,1.94091
21.7391,1.83445
22.2222,1.74344
22.7273,1.65224
23.2558,1.54271
23.8095,1.44983
24.3902,1.38313
25,1.27619
25.641,1.17126
26.3158,1.08453
27.027,1.00234
27.7778,0.913084
28.5714,0.825491
29.4118,0.751366
30.303,0.690328
31.25,0.636785
32.2581,0.581876
33.3333,0.522729
34.4828,0.465721
35.7143,0.416696
37.037,0.380421
38.4615,0.33846
40,0.296219
41.6667,0.26265
43.4783,0.227983
45.4545,0.19587
47.6191,0.168114
50,0.144164
52.6316,0.122827
55.5556,0.102105
58.8235,0.0839776
62.5,0.0684288
66.6667,0.0546503
71.4286,0.0429985
76.9231,0.0331798
83.3333,0.0250546
90.9091,0.0183533
100,0.012925
111.111,0.00878769
125,0.0057113
142.857,0.00348365
166.667,0.001962
200,0.00099025
250,0.000424944
333.333,0.000142371
500,2.99504e-05
1000,1.99e-06
