log_file,gps_time_s,type,photodiode,detector_index,l,l_sd,npts,monitor,manip_x_mm,manip_y_mm,manip_pitch_deg,manip_yaw_deg,wavelength_um,opa_wavelength_um,rad_angle_deg,signal,l_center,l_center_sd,det_name,signal_uc,azimuth_deg,wavenum
ERF_Log_File_20250227_2136,1424752608,1d,0,1,-0.0008813848797,0.004928395859,3,2.452808857,0,0,0,-8,0.751,0.75,8,-2.450436209e-06,359.6848905,0.8803111227,SSW,1.206860653e-05,-90,13315.57923
ERF_Log_File_20250227_2136,1424752628,1d,0,1,0.004368368932,0.003314068701,3,2.45369,0,0,0,-7.6,0.751,0.75,7.6,1.21449887e-05,359.6848905,0.8803111227,SSW,1.212712136e-05,-90,13315.57923
ERF_Log_File_20250227_2136,1424752648,1d,0,1,0.01037609428,0.004274326899,3,2.453311143,0,0,0,-7.2,0.751,0.75,7.2,2.884773466e-05,359.6848905,0.8803111227,SSW,1.240637272e-05,-90,13315.57923
ERF_Log_File_20250227_2136,1424752668,1d,0,1,0.009751199283,0.004812564452,3,2.453916286,0,0,0,-6.8,0.751,0.75,6.8,2.711039451e-05,359.6848905,0.8803111227,SSW,1.236710632e-05,-90,13315.57923
ERF_Log_File_20250227_2136,1424752689,1d,0,1,0.01839557964,0.00295543342,3,2.454293143,0,0,0,-6.4,0.751,0.75,6.4,5.114359852e-05,359.6848905,0.8803111227,SSW,1.310585846e-05,-90,13315.57923
ERF_Log_File_20250227_2136,1424752709,1d,0,1,0.01382511346,0.004777077151,3,2.453940571,0,0,0,-6,0.751,0.75,6,3.843673678e-05,359.6848905,0.8803111227,SSW,1.266388006e-05,-90,13315.57923
ERF_Log_File_20250227_2136,1424752729,1d,0,1,0.02420362312,0.003683110161,3,2.453027143,0,0,0,-5.6,0.751,0.75,5.6,6.729118668e-05,359.6848905,0.8803111227,SSW,1.381663283e-05,-90,13315.57923
ERF_Log_File_20250227_2136,1424752749,1d,0,1,0.03048365954,0.004315369096,3,2.453789714,0,0,0,-5.2,0.751,0.75,5.2,8.475101497e-05,359.6848905,0.8803111227,SSW,1.474657762e-05,-90,13315.57923
ERF_Log_File_20250227_2136,1424752769,1d,0,1,0.03773774798,0.0032827341,3,2.452870286,0,0,0,-4.8,0.751,0.75,4.8,0.0001049189137,359.6848905,0.8803111227,SSW,1.599177613e-05,-90,13315.57923
ERF_Log_File_20250227_2136,1424752789,1d,0,1,0.04160458555,0.004898795634,3,2.453258857,0,0,0,-4.4,0.751,0.75,4.4,0.0001156695392,359.6848905,0.8803111227,SSW,1.671722906e-05,-90,13315.57923
ERF_Log_File_20250227_2136,1424752809,1d,0,1,0.06346576363,0.004667233568,3,2.453053143,0,0,0,-4,0.751,0.75,4,0.0001764482337,359.6848905,0.8803111227,SSW,2.138030557e-05,-90,13315.57923
ERF_Log_File_20250227_2136,1424752830,1d,0,1,0.08099932626,0.0041872738,3,2.453907143,0,0,0,-3.6,0.751,0.75,3.6,0.0002251952428,359.6848905,0.8803111227,SSW,2.555433283e-05,-90,13315.57923
ERF_Log_File_20250227_2136,1424752850,1d,0,1,0.1196176207,0.004697138308,3,2.453922286,0,0,0,-3.2,0.751,0.75,3.2,0.0003325622618,359.6848905,0.8803111227,SSW,3.53868654e-05,-90,13315.57923
ERF_Log_File_20250227_2136,1424752870,1d,0,1,0.176502178,0.006004617834,3,2.452800286,0,0,0,-2.8,0.751,0.75,2.8,0.0004907133511,359.6848905,0.8803111227,SSW,5.054729967e-05,-90,13315.57923
ERF_Log_File_20250227_2136,1424752890,1d,0,1,0.2654521508,0.001500937514,3,2.452973429,0,0,0,-2.4,0.751,0.75,2.4,0.0007380130713,359.6848905,0.8803111227,SSW,7.480298562e-05,-90,13315.57923
ERF_Log_File_20250227_2136,1424752910,1d,0,1,0.3711691743,0.00740095074,3,2.452784857,0,0,0,-2,0.751,0.75,2,0.001031928736,359.6848905,0.8803111227,SSW,0.0001039266037,-90,13315.57923
ERF_Log_File_20250227_2136,1424753111,1d,0,1,0.3981955629,0.006443616371,3,2.452912,0,0,0,2,0.751,0.75,2,0.001107067807,359.6848905,0.8803111227,SSW,0.0001113953492,90,13315.57923
ERF_Log_File_20250227_2136,1424753132,1d,0,1,0.2631337021,0.00558769977,3,2.452795714,0,0,0,2.4,0.751,0.75,2.4,0.000731567294,359.6848905,0.8803111227,SSW,7.416673135e-05,90,13315.57923
ERF_Log_File_20250227_2136,1424753152,1d,0,1,0.1811875635,0.003785749744,3,2.453515429,0,0,0,2.8,0.751,0.75,2.8,0.000503739713,359.6848905,0.8803111227,SSW,5.181359044e-05,90,13315.57923
ERF_Log_File_20250227_2136,1424753172,1d,0,1,0.1198086707,0.004116445361,3,2.453046857,0,0,0,3.2,0.751,0.75,3.2,0.000333093421,359.6848905,0.8803111227,SSW,3.543681775e-05,90,13315.57923
ERF_Log_File_20250227_2136,1424753192,1d,0,1,0.07695147652,0.003527187794,3,2.45284,0,0,0,3.6,0.751,0.75,3.6,0.0002139413652,359.6848905,0.8803111227,SSW,2.456775177e-05,90,13315.57923
ERF_Log_File_20250227_2136,1424753212,1d,0,1,0.06019682196,0.003890551982,3,2.452238857,0,0,0,4,0.751,0.75,4,0.0001673598851,359.6848905,0.8803111227,SSW,2.063618834e-05,90,13315.57923
ERF_Log_File_20250227_2136,1424753232,1d,0,1,0.04613709381,0.006610367287,3,2.451544286,0,0,0,4.4,0.751,0.75,4.4,0.0001282708699,359.6848905,0.8803111227,SSW,1.7613174e-05,90,13315.57923
ERF_Log_File_20250227_2136,1424753252,1d,0,1,0.03202927215,0.003782369922,3,2.452718,0,0,0,4.8,0.751,0.75,4.8,8.904814463e-05,359.6848905,0.8803111227,SSW,1.499781318e-05,90,13315.57923
ERF_Log_File_20250227_2136,1424753273,1d,0,1,0.02655224746,0.005666377185,3,2.452224,0,0,0,5.2,0.751,0.75,5.2,7.382085864e-05,359.6848905,0.8803111227,SSW,1.414634284e-05,90,13315.57923
ERF_Log_File_20250227_2136,1424753293,1d,0,1,0.02256419644,0.002364550428,3,2.451463143,0,0,0,5.6,0.751,0.75,5.6,6.27332341e-05,359.6848905,0.8803111227,SSW,1.360034343e-05,90,13315.57923
ERF_Log_File_20250227_2136,1424753313,1d,0,1,0.02167234478,0.002447749127,3,2.452707429,0,0,0,6,0.751,0.75,6,6.025369804e-05,359.6848905,0.8803111227,SSW,1.348769845e-05,90,13315.57923
ERF_Log_File_20250227_2136,1424753333,1d,0,1,0.01454587765,0.003064129546,3,2.452853714,0,0,0,6.4,0.751,0.75,6.4,4.044061353e-05,359.6848905,0.8803111227,SSW,1.272617028e-05,90,13315.57923
ERF_Log_File_20250227_2136,1424753353,1d,0,1,0.01326377025,0.004935157214,3,2.452039714,0,0,0,6.8,0.751,0.75,6.8,3.687608405e-05,359.6848905,0.8803111227,SSW,1.261736036e-05,90,13315.57923
ERF_Log_File_20250227_2136,1424753373,1d,0,1,0.008386543556,0.003707672867,3,2.452503714,0,0,0,7.2,0.751,0.75,7.2,2.331636323e-05,359.6848905,0.8803111227,SSW,1.228946564e-05,90,13315.57923
ERF_Log_File_20250227_2136,1424753393,1d,0,1,0.009696923854,0.00444980994,3,2.453663429,0,0,0,7.6,0.751,0.75,7.6,2.695949735e-05,359.6848905,0.8803111227,SSW,1.236380524e-05,90,13315.57923
ERF_Log_File_20250227_2136,1424753414,1d,0,1,0.005663133267,0.005578548917,3,2.452895429,0,0,0,8,0.751,0.75,8,1.574470715e-05,359.6848905,0.8803111227,SSW,1.216846844e-05,90,13315.57923
ERF_Log_File_20250227_1543,1424731501,1d,0,1,-0.0007674125779,0.004637100689,23,2.721026894,0,0,0,-10,0.802,0.8,10,-1.413133039e-06,543.0575584,0.004426710399,SSW,7.993035658e-06,-90,12468.82793
ERF_Log_File_20250227_1543,1424731602,1d,0,1,0.01157691628,0.004531038211,23,2.721898128,0,0,0,-9,0.802,0.8,9,2.131802808e-05,543.0575584,0.004426710399,SSW,8.27122922e-06,-90,12468.82793
ERF_Log_File_20250227_1543,1424731703,1d,0,1,0.0110397493,0.004860866657,23,2.719352043,0,0,0,-8,0.802,0.8,8,2.032887515e-05,543.0575584,0.004426710399,SSW,8.246288938e-06,-90,12468.82793
ERF_Log_File_20250227_1543,1424731804,1d,0,1,0.01084562885,0.004915564704,23,2.712487872,0,0,0,-7,0.802,0.8,7,1.997141681e-05,543.0575584,0.004426710399,SSW,8.237549666e-06,-90,12468.82793
ERF_Log_File_20250227_1543,1424731894,1d,0,1,0.02475391201,0.004606903585,17,2.704567714,0,0,0,-6,0.802,0.8,6,4.558248316e-05,543.0575584,0.004426710399,SSW,9.200341158e-06,-90,12468.82793
ERF_Log_File_20250227_1543,1424731954,1d,0,1,0.0473007345,0.005036972394,9,2.705061263,0,0,0,-5,0.802,0.8,5,8.710077553e-05,543.0575584,0.004426710399,SSW,1.182091794e-05,-90,12468.82793
ERF_Log_File_20250227_1543,1424731991,1d,0,1,0.09014817375,0.004037162406,5,2.702988,0,0,0,-4,0.802,0.8,4,0.0001660011399,543.0575584,0.004426710399,SSW,1.842369225e-05,-90,12468.82793
ERF_Log_File_20250227_1543,1424732016,1d,0,1,0.203022298,0.006329139192,3,2.702592571,0,0,0,-3,0.802,0.8,3,0.0003738504231,543.0575584,0.004426710399,SSW,3.822970111e-05,-90,12468.82793
ERF_Log_File_20250227_1543,1424732036,1d,0,1,0.3256733635,0.005061533519,3,2.704512857,0,0,0,-2.5,0.802,0.8,2.5,0.0005997032145,543.0575584,0.004426710399,SSW,6.05004804e-05,-90,12468.82793
ERF_Log_File_20250227_1543,1424732057,1d,0,1,0.5120332675,0.003022021937,3,2.703714857,0,0,0,-2,0.802,0.8,2,0.0009428710815,543.0575584,0.004426710399,SSW,9.46251947e-05,-90,12468.82793
ERF_Log_File_20250227_1543,1424732218,1d,0,1,0.5640453826,0.003036627821,3,2.701205714,0,0,0,2,0.802,0.8,2,0.001038647513,543.0575584,0.004426710399,SSW,0.0001041717586,90,12468.82793
ERF_Log_File_20250227_1543,1424732238,1d,0,1,0.3435412276,0.005948801583,3,2.702886,0,0,0,2.5,0.802,0.8,2.5,0.000632605554,543.0575584,0.004426710399,SSW,6.376336366e-05,90,12468.82793
ERF_Log_File_20250227_1543,1424732258,1d,0,1,0.2144857913,0.002060161123,3,2.701863429,0,0,0,3,0.802,0.8,3,0.0003949595912,543.0575584,0.004426710399,SSW,4.029639496e-05,90,12468.82793
ERF_Log_File_20250227_1543,1424732283,1d,0,1,0.08603626227,0.007354959963,5,2.701529818,0,0,0,4,0.802,0.8,4,0.0001584293616,543.0575584,0.004426710399,SSW,1.774449992e-05,90,12468.82793
ERF_Log_File_20250227_1543,1424732320,1d,0,1,0.03757532361,0.005181963353,9,2.701172947,0,0,0,5,0.802,0.8,5,6.919215658e-05,543.0575584,0.004426710399,SSW,1.05709127e-05,90,12468.82793
ERF_Log_File_20250227_1543,1424732381,1d,0,1,0.02134340011,0.005108266061,17,2.700235886,0,0,0,6,0.802,0.8,6,3.93022798e-05,543.0575584,0.004426710399,SSW,8.905916104e-06,90,12468.82793
ERF_Log_File_20250227_1543,1424732470,1d,0,1,0.01630957227,0.005283783595,23,2.699616809,0,0,0,7,0.802,0.8,7,3.003286119e-05,543.0575584,0.004426710399,SSW,8.537469013e-06,90,12468.82793
ERF_Log_File_20250227_1543,1424732571,1d,0,1,0.01069438673,0.005052591696,23,2.69950217,0,0,0,8,0.802,0.8,8,1.969291572e-05,543.0575584,0.004426710399,SSW,8.230841931e-06,90,12468.82793
ERF_Log_File_20250227_1543,1424732672,1d,0,1,0.006006119511,0.006111296711,23,2.699162298,0,0,0,9,0.802,0.8,9,1.105982122e-05,543.0575584,0.004426710399,SSW,8.067951787e-06,90,12468.82793
ERF_Log_File_20250227_1543,1424732773,1d,0,1,0.003188289727,0.005584032153,23,2.698238128,0,0,0,10,0.802,0.8,10,5.870997793e-06,543.0575584,0.004426710399,SSW,8.01332239e-06,90,12468.82793
ERF_Log_File_20250224_1022,1424453057,1d,0,1,0.006641690508,0.005652842284,23,7.168327957,0,0,0,-10,0.901,0.9,10,1.310194495e-05,506.9240127,0.2415606287,SSW,8.661115385e-06,-90,11098.77913
ERF_Log_File_20250224_1022,1424453158,1d,0,1,0.005904073022,0.007385997677,23,7.170025489,0,0,0,-9,0.901,0.9,9,1.164686003e-05,506.9240127,0.2415606287,SSW,8.640300654e-06,-90,11098.77913
ERF_Log_File_20250224_1022,1424453259,1d,0,1,0.00472235083,0.005332072925,23,7.168980255,0,0,0,-8,0.901,0.9,8,9.315697642e-06,506.9240127,0.2415606287,SSW,8.611974979e-06,-90,11098.77913
ERF_Log_File_20250224_1022,1424453361,1d,0,1,0.01635070595,0.004466474236,23,7.172764979,0,0,0,-7,0.901,0.9,7,3.225474735e-05,506.9240127,0.2415606287,SSW,9.148890349e-06,-90,11098.77913
ERF_Log_File_20250224_1022,1424453450,1d,0,1,0.02819621237,0.004807765298,17,7.172802286,0,0,0,-6,0.901,0.9,6,5.562216755e-05,506.9240127,0.2415606287,SSW,1.02096635e-05,-90,11098.77913
ERF_Log_File_20250224_1022,1424453511,1d,0,1,0.03725826798,0.003204385581,9,7.173224105,0,0,0,-5,0.901,0.9,5,7.349872376e-05,506.9240127,0.2415606287,SSW,1.128362184e-05,-90,11098.77913
ERF_Log_File_20250224_1022,1424453547,1d,0,1,0.07303133666,0.003222141479,5,7.173407091,0,0,0,-4,0.901,0.9,4,0.0001440676213,506.9240127,0.2415606287,SSW,1.675881198e-05,-90,11098.77913
ERF_Log_File_20250224_1022,1424453572,1d,0,1,0.1690666488,0.006013893229,3,7.174927714,0,0,0,-3,0.901,0.9,3,0.0003335147765,506.9240127,0.2415606287,SSW,3.443319025e-05,-90,11098.77913
ERF_Log_File_20250224_1022,1424453592,1d,0,1,0.2551651241,0.001773067819,3,7.176610857,0,0,0,-2.5,0.901,0.9,2.5,0.0005033597102,506.9240127,0.2415606287,SSW,5.105943383e-05,-90,11098.77913
ERF_Log_File_20250224_1022,1424453613,1d,0,1,0.4010057397,0.003346671971,3,7.176374571,0,0,0,-2,0.901,0.9,2,0.0007910569032,506.9240127,0.2415606287,SSW,7.956852775e-05,-90,11098.77913
ERF_Log_File_20250224_1022,1424453774,1d,0,1,0.4388171409,0.008348124877,3,7.171715714,0,0,0,2,0.901,0.9,2,0.0008656467832,506.9240127,0.2415606287,SSW,8.698799894e-05,90,11098.77913
ERF_Log_File_20250224_1022,1424453794,1d,0,1,0.2687900983,0.002022212489,3,7.172182857,0,0,0,2.5,0.901,0.9,2.5,0.0005302374548,506.9240127,0.2415606287,SSW,5.371107612e-05,90,11098.77913
ERF_Log_File_20250224_1022,1424453814,1d,0,1,0.1698081804,0.005868881134,3,7.172254857,0,0,0,3,0.901,0.9,3,0.0003349775828,506.9240127,0.2415606287,SSW,3.457489784e-05,90,11098.77913
ERF_Log_File_20250224_1022,1424453839,1d,0,1,0.07112178876,0.004844924276,5,7.172820364,0,0,0,4,0.901,0.9,4,0.00014030069,506.9240127,0.2415606287,SSW,1.64361059e-05,90,11098.77913
ERF_Log_File_20250224_1022,1424453876,1d,0,1,0.03424777339,0.007138461063,9,7.172725158,0,0,0,5,0.901,0.9,5,6.755997454e-05,506.9240127,0.2415606287,SSW,1.090609046e-05,90,11098.77913
ERF_Log_File_20250224_1022,1424453937,1d,0,1,0.02767993467,0.007133201026,17,7.171344229,0,0,0,6,0.901,0.9,6,5.46037157e-05,506.9240127,0.2415606287,SSW,1.015453622e-05,90,11098.77913
ERF_Log_File_20250224_1022,1424454026,1d,0,1,0.01341357789,0.004502033494,23,7.167122851,0,0,0,7,0.901,0.9,7,2.646072696e-05,506.9240127,0.2415606287,SSW,8.961034026e-06,90,11098.77913
ERF_Log_File_20250224_1022,1424454127,1d,0,1,0.004421303168,0.007177946286,23,7.163907362,0,0,0,8,0.901,0.9,8,8.721826264e-06,506.9240127,0.2415606287,SSW,8.605753361e-06,90,11098.77913
ERF_Log_File_20250224_1022,1424454228,1d,0,1,0.009147804683,0.00639347347,23,7.163157574,0,0,0,9,0.901,0.9,9,1.804571189e-05,506.9240127,0.2415606287,SSW,8.749561259e-06,90,11098.77913
ERF_Log_File_20250224_1022,1424454329,1d,0,1,0.004500169134,0.005571580691,23,7.160874085,0,0,0,10,0.901,0.9,10,8.877403755e-06,506.9240127,0.2415606287,SSW,8.607344072e-06,90,11098.77913
ERF_Log_File_20250227_1509,1424729433,1d,0,1,0.001756366931,0.004936321617,23,2.216425957,0,0,0,-10,1.199,1.2,10,3.33728907e-06,526.2855253,0.2017133145,SSW,8.25322441e-06,-90,8340.28357
ERF_Log_File_20250227_1509,1424729534,1d,0,1,0.0103303617,0.004909527137,23,2.217156723,0,0,0,-9,1.199,1.2,9,1.962881592e-05,526.2855253,0.2017133145,SSW,8.476868365e-06,-90,8340.28357
ERF_Log_File_20250227_1509,1424729636,1d,0,1,0.005710705853,0.005206930131,23,2.215614638,0,0,0,-8,1.199,1.2,8,1.085096507e-05,526.2855253,0.2017133145,SSW,8.317559033e-06,-90,8340.28357
ERF_Log_File_20250227_1509,1424729737,1d,0,1,0.009437936827,0.006019843273,23,2.216120468,0,0,0,-7,1.199,1.2,7,1.793311116e-05,526.2855253,0.2017133145,SSW,8.439214925e-06,-90,8340.28357
ERF_Log_File_20250227_1509,1424729826,1d,0,1,0.02295626233,0.006319291287,17,2.215433086,0,0,0,-6,1.199,1.2,6,4.361940663e-05,526.2855253,0.2017133145,SSW,9.329048311e-06,-90,8340.28357
ERF_Log_File_20250227_1509,1424729887,1d,0,1,0.04191273426,0.003771503751,9,2.216009684,0,0,0,-5,1.199,1.2,5,7.963877449e-05,526.2855253,0.2017133145,SSW,1.146423187e-05,-90,8340.28357
ERF_Log_File_20250227_1509,1424729924,1d,0,1,0.07399285864,0.007135553019,5,2.214340545,0,0,0,-4,1.199,1.2,4,0.0001405945159,526.2855253,0.2017133145,SSW,1.629955273e-05,-90,8340.28357
ERF_Log_File_20250227_1509,1424729948,1d,0,1,0.1360482031,0.003430707149,3,2.215332286,0,0,0,-3,1.199,1.2,3,0.0002585064505,526.2855253,0.2017133145,SSW,2.713429569e-05,-90,8340.28357
ERF_Log_File_20250227_1509,1424729969,1d,0,1,0.1976623048,0.00240387417,3,2.215146286,0,0,0,-2.5,1.199,1.2,2.5,0.0003755799757,526.2855253,0.2017133145,SSW,3.845293538e-05,-90,8340.28357
ERF_Log_File_20250227_1509,1424729989,1d,0,1,0.3161670695,0.003235276891,3,2.214536857,0,0,0,-2,1.199,1.2,2,0.0006007519764,526.2855253,0.2017133145,SSW,6.063898685e-05,-90,8340.28357
ERF_Log_File_20250227_1509,1424730150,1d,0,1,0.3705571693,0.005159462526,3,2.224555143,0,0,0,2,1.199,1.2,2,0.0007040991088,526.2855253,0.2017133145,SSW,7.089169708e-05,90,8340.28357
ERF_Log_File_20250227_1509,1424730171,1d,0,1,0.2111703008,0.005945744708,3,2.223357143,0,0,0,2.5,1.199,1.2,2.5,0.0004012466441,526.2855253,0.2017133145,SSW,4.096360191e-05,90,8340.28357
ERF_Log_File_20250227_1509,1424730191,1d,0,1,0.1407365404,0.004641266887,3,2.220369429,0,0,0,3,1.199,1.2,3,0.0002674148036,526.2855253,0.2017133145,SSW,2.798431013e-05,90,8340.28357
ERF_Log_File_20250227_1509,1424730216,1d,0,1,0.07034822288,0.005556821951,5,2.219172364,0,0,0,4,1.199,1.2,4,0.0001336693097,526.2855253,0.2017133145,SSW,1.570610725e-05,90,8340.28357
ERF_Log_File_20250227_1509,1424730252,1d,0,1,0.03570794615,0.004956995129,9,2.218466526,0,0,0,5,1.199,1.2,5,6.784899914e-05,526.2855253,0.2017133145,SSW,1.067894562e-05,90,8340.28357
ERF_Log_File_20250227_1509,1424730313,1d,0,1,0.02058876991,0.005234051649,17,2.220204114,0,0,0,6,1.199,1.2,6,3.912091236e-05,526.2855253,0.2017133145,SSW,9.127377455e-06,90,8340.28357
ERF_Log_File_20250227_1509,1424730402,1d,0,1,0.01455294339,0.006211595673,23,2.219652723,0,0,0,7,1.199,1.2,7,2.76521825e-05,526.2855253,0.2017133145,SSW,8.697751482e-06,90,8340.28357
ERF_Log_File_20250227_1509,1424730504,1d,0,1,0.007723604804,0.004672749184,23,2.220362638,0,0,0,8,1.199,1.2,8,1.467569301e-05,526.2855253,0.2017133145,SSW,8.37604488e-06,90,8340.28357
ERF_Log_File_20250227_1509,1424730605,1d,0,1,0.006419855719,0.005086640809,23,2.219317745,0,0,0,9,1.199,1.2,9,1.21984273e-05,526.2855253,0.2017133145,SSW,8.336208652e-06,90,8340.28357
ERF_Log_File_20250227_1509,1424730706,1d,0,1,0.006288201273,0.005086690761,23,2.218611234,0,0,0,10,1.199,1.2,10,1.194826947e-05,526.2855253,0.2017133145,SSW,8.33258477e-06,90,8340.28357
ERF_Log_File_20250227_1034,1424712949,2d,0,1,0.008633127376,0.002892068738,3,4.019007143,0,0,-3,-8.125,1.541,1.55,8.661156101,1.461709232e-05,590.6186531,0.5337426702,SSW,7.492209959e-06,-110.2656975,6489.292667
ERF_Log_File_20250227_1034,1424712969,2d,0,1,0.0107419498,0.003731810306,3,4.017712,0,0,-3,-7.5,1.541,1.55,8.077747211,1.818762368e-05,590.6186531,0.5337426702,SSW,7.56998074e-06,-111.8014095,6489.292667
ERF_Log_File_20250227_1034,1424712989,2d,0,1,0.004402275133,0.006367753454,3,4.018510857,0,0,-3,-6.875,1.541,1.55,7.501041594,7.453667625e-06,590.6186531,0.5337426702,SSW,7.385936547e-06,-113.5747062,6489.292667
ERF_Log_File_20250227_1034,1424713010,2d,0,1,0.01682621198,0.003357668625,3,4.017795714,0,0,-3,-6.25,1.541,1.55,6.932712312,2.848913067e-05,590.6186531,0.5337426702,SSW,7.881206139e-06,-115.6410058,6489.292667
ERF_Log_File_20250227_1034,1424713030,2d,0,1,0.02660922272,0.003523725101,3,4.014698857,0,0,-3,-5.625,1.541,1.55,6.375,4.505313637e-05,590.6186531,0.5337426702,SSW,8.619509867e-06,-118.0724869,6489.292667
ERF_Log_File_20250227_1034,1424713050,2d,0,1,0.02706498151,0.004626856419,3,4.014492571,0,0,-3,-5,1.541,1.55,5.830951895,4.582479975e-05,590.6186531,0.5337426702,SSW,8.660096961e-06,-120.9637565,6489.292667
ERF_Log_File_20250227_1034,1424713071,2d,0,1,0.0317624686,0.003910289516,3,4.015691143,0,0,-3,-4.375,1.541,1.55,5.304773793,5.377830252e-05,590.6186531,0.5337426702,SSW,9.106034364e-06,-124.4389893,6489.292667
ERF_Log_File_20250227_1034,1424713091,2d,0,1,0.03157186566,0.005151822994,3,4.012626571,0,0,-3,-3.75,1.541,1.55,4.802343178,5.345558508e-05,590.6186531,0.5337426702,SSW,9.087011121e-06,-128.6598083,6489.292667
ERF_Log_File_20250227_1034,1424713111,2d,0,1,0.04407126471,0.005634193544,3,4.010793143,0,0,-3,-3.125,1.541,1.55,4.331930863,7.461881618e-05,590.6186531,0.5337426702,SSW,1.047285378e-05,-133.8308607,6489.292667
ERF_Log_File_20250227_1034,1424713132,2d,0,1,0.04902305401,0.005199834529,3,4.013192,0,0,-3,-2.5,1.541,1.55,3.905124838,8.300288816e-05,590.6186531,0.5337426702,SSW,1.108588574e-05,-140.1944289,6489.292667
ERF_Log_File_20250227_1034,1424713152,2d,0,1,0.08885846017,0.00117020357,3,4.015870286,0,0,-3,-1.875,1.541,1.55,3.537742925,0.0001504498033,590.6186531,0.5337426702,SSW,1.674414406e-05,-147.9946168,6489.292667
ERF_Log_File_20250227_1034,1424713173,2d,0,1,0.1128206105,0.002605692236,3,4.015784857,0,0,-3,-1.25,1.541,1.55,3.25,0.0001910210758,590.6186531,0.5337426702,SSW,2.046745601e-05,-157.3801351,6489.292667
ERF_Log_File_20250227_1034,1424713193,2d,0,1,0.135893231,0.006366812211,3,4.016015429,0,0,-3,-0.625,1.541,1.55,3.064412668,0.0002300862499,590.6186531,0.5337426702,SSW,2.415443024e-05,-168.2317111,6489.292667
ERF_Log_File_20250227_1034,1424713213,2d,0,1,0.1532822087,0.00587236162,3,4.013473429,0,0,-3,0,1.541,1.55,3,0.0002595282216,590.6186531,0.5337426702,SSW,2.697406952e-05,180,6489.292667
ERF_Log_File_20250227_1034,1424713234,2d,0,1,0.1351300289,0.002203244204,3,4.018348857,0,0,-3,0.625,1.541,1.55,3.064412668,0.0002287940419,590.6186531,0.5337426702,SSW,2.403136135e-05,168.2317111,6489.292667
ERF_Log_File_20250227_1034,1424713254,2d,0,1,0.1113728311,0.003050305436,3,4.021564857,0,0,-3,1.25,1.541,1.55,3.25,0.0001885697828,590.6186531,0.5337426702,SSW,2.023885153e-05,157.3801351,6489.292667
ERF_Log_File_20250227_1034,1424713274,2d,0,1,0.07536217934,0.005457219208,3,4.021262571,0,0,-3,1.875,1.541,1.55,3.537742925,0.0001275987119,590.6186531,0.5337426702,SSW,1.472494656e-05,147.9946168,6489.292667
ERF_Log_File_20250227_1034,1424713295,2d,0,1,0.06006562712,0.004386644801,3,4.021053429,0,0,-3,2.5,1.541,1.55,3.905124838,0.0001016995092,590.6186531,0.5337426702,SSW,1.25472224e-05,140.1944289,6489.292667
ERF_Log_File_20250227_1034,1424713315,2d,0,1,0.04481641817,0.001849351978,3,4.021608857,0,0,-3,3.125,1.541,1.55,4.331930863,7.588046523e-05,590.6186531,0.5337426702,SSW,1.056312425e-05,133.8308607,6489.292667
ERF_Log_File_20250227_1034,1424713335,2d,0,1,0.04322166374,0.003158045266,3,4.020812,0,0,-3,3.75,1.541,1.55,4.802343178,7.318032289e-05,590.6186531,0.5337426702,SSW,1.037084432e-05,128.6598083,6489.292667
ERF_Log_File_20250227_1034,1424713356,2d,0,1,0.02933826793,0.002655611343,3,4.021315714,0,0,-3,4.375,1.541,1.55,5.304773793,4.967379167e-05,590.6186531,0.5337426702,SSW,8.869797778e-06,124.4389893,6489.292667
ERF_Log_File_20250227_1034,1424713376,2d,0,1,0.02090537809,0.003943399016,3,4.0213,0,0,-3,5,1.541,1.55,5.830951895,3.539572951e-05,590.6186531,0.5337426702,SSW,8.156349769e-06,120.9637565,6489.292667
ERF_Log_File_20250227_1034,1424713396,2d,0,1,0.0237312981,0.002452592795,3,4.018580286,0,0,-3,5.625,1.541,1.55,6.375,4.01804074e-05,590.6186531,0.5337426702,SSW,8.375106661e-06,118.0724869,6489.292667
ERF_Log_File_20250227_1034,1424713417,2d,0,1,0.008152051056,0.007640946821,3,4.021127714,0,0,-3,6.25,1.541,1.55,6.932712312,1.380256281e-05,590.6186531,0.5337426702,SSW,7.476744257e-06,115.6410058,6489.292667
ERF_Log_File_20250227_1034,1424713437,2d,0,1,0.005095972529,0.001741841347,3,4.021405143,0,0,-3,6.875,1.541,1.55,7.501041594,8.628194356e-06,590.6186531,0.5337426702,SSW,7.398713393e-06,113.5747062,6489.292667
ERF_Log_File_20250227_1034,1424713457,2d,0,1,0.0042868769,0.004482594801,3,4.017638857,0,0,-3,7.5,1.541,1.55,8.077747211,7.258282272e-06,590.6186531,0.5337426702,SSW,7.383990204e-06,111.8014095,6489.292667
ERF_Log_File_20250227_1034,1424713478,2d,0,1,0.01006451071,0.005103015709,3,4.019812571,0,0,-3,8.125,1.541,1.55,8.661156101,1.704062453e-05,590.6186531,0.5337426702,SSW,7.543242518e-06,110.2656975,6489.292667
ERF_Log_File_20250227_1034,1424713514,2d,0,1,0.0271408215,0.002301399886,3,4.015677143,0,0,-2,-8.125,1.541,1.55,8.367533986,4.595320746e-05,590.6186531,0.5337426702,SSW,8.666899044e-06,-103.828651,6489.292667
ERF_Log_File_20250227_1034,1424713534,2d,0,1,0.01229083211,0.00857336801,3,4.013856286,0,0,-2,-7.5,1.541,1.55,7.762087348,2.08100981e-05,590.6186531,0.5337426702,SSW,7.637237537e-06,-104.9314172,6489.292667
ERF_Log_File_20250227_1034,1424713554,2d,0,1,0.01103067045,0.002957755917,3,4.014564286,0,0,-2,-6.875,1.541,1.55,7.160001746,1.867646813e-05,590.6186531,0.5337426702,SSW,7.581875176e-06,-106.2201937,6489.292667
ERF_Log_File_20250227_1034,1424713575,2d,0,1,0.01740885491,0.006247432102,3,4.014700571,0,0,-2,-6.25,1.541,1.55,6.562202374,2.947562665e-05,590.6186531,0.5337426702,SSW,7.917403419e-06,-107.7446716,6489.292667
ERF_Log_File_20250227_1034,1424713595,2d,0,1,0.02543498635,0.004837160999,3,4.017395143,0,0,-2,-5.625,1.541,1.55,5.969976968,4.306498993e-05,590.6186531,0.5337426702,SSW,8.517270095e-06,-109.5731258,6489.292667
ERF_Log_File_20250227_1034,1424713615,2d,0,1,0.03401476067,0.005284475522,3,4.014778286,0,0,-2,-5,1.541,1.55,5.385164807,5.759174806e-05,590.6186531,0.5337426702,SSW,9.336340017e-06,-111.8014095,6489.292667
ERF_Log_File_20250227_1034,1424713636,2d,0,1,0.03316384754,0.002650073954,3,4.015490286,0,0,-2,-4.375,1.541,1.55,4.810470351,5.61510331e-05,590.6186531,0.5337426702,SSW,9.248156671e-06,-114.5671713,6489.292667
ERF_Log_File_20250227_1034,1424713656,2d,0,1,0.04822040811,0.003367627462,3,4.018713714,0,0,-2,-3.75,1.541,1.55,4.25,8.164389638e-05,590.6186531,0.5337426702,SSW,1.09844956e-05,-118.0724869,6489.292667
ERF_Log_File_20250227_1034,1424713676,2d,0,1,0.06667583807,0.004255837166,3,4.024468857,0,0,-2,-3.125,1.541,1.55,3.71020552,0.000112891521,590.6186531,0.5337426702,SSW,1.347040478e-05,-122.6192431,6489.292667
ERF_Log_File_20250227_1034,1424713697,2d,0,1,0.1208357295,0.004838415588,3,4.023028286,0,0,-2,-2.5,1.541,1.55,3.201562119,0.0002045917935,590.6186531,0.5337426702,SSW,2.173956406e-05,-128.6598083,6489.292667
ERF_Log_File_20250227_1034,1424713717,2d,0,1,0.1663305181,0.003818508321,3,4.021736286,0,0,-2,-1.875,1.541,1.55,2.741464025,0.0002816208347,590.6186531,0.5337426702,SSW,2.910608455e-05,-136.8476103,6489.292667
ERF_Log_File_20250227_1034,1424713737,2d,0,1,0.2180603008,0.004769133082,3,4.02231,0,0,-2,-1.25,1.541,1.55,2.358495283,0.0003692065932,590.6186531,0.5337426702,SSW,3.764628601e-05,-147.9946168,6489.292667
ERF_Log_File_20250227_1034,1424713819,2d,0,1,0.2116859652,0.002712898424,3,4.018877429,0,0,-2,1.25,1.541,1.55,2.358495283,0.0003584139513,590.6186531,0.5337426702,SSW,3.658834455e-05,147.9946168,6489.292667
ERF_Log_File_20250227_1034,1424713839,2d,0,1,0.1768353305,0.0047622539,3,4.015665714,0,0,-2,1.875,1.541,1.55,2.741464025,0.0002994069516,590.6186531,0.5337426702,SSW,3.083042132e-05,136.8476103,6489.292667
ERF_Log_File_20250227_1034,1424713859,2d,0,1,0.1267270345,0.003802856199,3,4.012964286,0,0,-2,2.5,1.541,1.55,3.201562119,0.000214566597,590.6186531,0.5337426702,SSW,2.26808793e-05,128.6598083,6489.292667
ERF_Log_File_20250227_1034,1424713880,2d,0,1,0.06933860007,0.005599952655,3,4.012727143,0,0,-2,3.125,1.541,1.55,3.71020552,0.0001173999495,590.6186531,0.5337426702,SSW,1.385045773e-05,122.6192431,6489.292667
ERF_Log_File_20250227_1034,1424713900,2d,0,1,0.04297259794,0.006835317928,3,4.015518286,0,0,-2,3.75,1.541,1.55,4.25,7.275861965e-05,590.6186531,0.5337426702,SSW,1.03411282e-05,118.0724869,6489.292667
ERF_Log_File_20250227_1034,1424713920,2d,0,1,0.03308762465,0.004630911514,3,4.015694857,0,0,-2,4.375,1.541,1.55,4.810470351,5.602197708e-05,590.6186531,0.5337426702,SSW,9.240325966e-06,114.5671713,6489.292667
ERF_Log_File_20250227_1034,1424713941,2d,0,1,0.01962251236,0.005698321636,3,4.013718571,0,0,-2,5,1.541,1.55,5.385164807,3.322365838e-05,590.6186531,0.5337426702,SSW,8.064456455e-06,111.8014095,6489.292667
ERF_Log_File_20250227_1034,1424713961,2d,0,1,0.01295471126,0.006312056737,3,4.015694857,0,0,-2,5.625,1.541,1.55,5.969976968,2.193413837e-05,590.6186531,0.5337426702,SSW,7.668630834e-06,109.5731258,6489.292667
ERF_Log_File_20250227_1034,1424713982,2d,0,1,0.01597910918,0.003326926024,3,4.012856286,0,0,-2,6.25,1.541,1.55,6.562202374,2.705486712e-05,590.6186531,0.5337426702,SSW,7.83049793e-06,107.7446716,6489.292667
ERF_Log_File_20250227_1034,1424714002,2d,0,1,0.01153569206,0.0037436624,3,4.01543,0,0,-2,6.875,1.541,1.55,7.160001746,1.953154036e-05,590.6186531,0.5337426702,SSW,7.603391607e-06,106.2201937,6489.292667
ERF_Log_File_20250227_1034,1424714022,2d,0,1,0.01027103299,0.006875925836,3,4.021544571,0,0,-2,7.5,1.541,1.55,7.762087348,1.739029564e-05,590.6186531,0.5337426702,SSW,7.551219273e-06,104.9314172,6489.292667
ERF_Log_File_20250227_1034,1424714043,2d,0,1,0.01058787612,0.00333988592,3,4.019473429,0,0,-2,8.125,1.541,1.55,8.367533986,1.792675539e-05,590.6186531,0.5337426702,SSW,7.563755003e-06,103.828651,6489.292667
ERF_Log_File_20250227_1034,1424714078,2d,0,1,0.02081954955,0.004338472263,3,4.021178286,0,0,-1,-8.125,1.541,1.55,8.186307165,3.525040979e-05,590.6186531,0.5337426702,SSW,8.150053398e-06,-97.01650174,6489.292667
ERF_Log_File_20250227_1034,1424714099,2d,0,1,0.009472395825,0.005363404903,3,4.018157429,0,0,-1,-7.5,1.541,1.55,7.566372975,1.60380912e-05,590.6186531,0.5337426702,SSW,7.521226992e-06,-97.59464337,6489.292667
ERF_Log_File_20250227_1034,1424714119,2d,0,1,0.01540791067,0.00314063026,3,4.015423429,0,0,-1,-6.875,1.541,1.55,6.947346616,2.608774815e-05,590.6186531,0.5337426702,SSW,7.797608835e-06,-98.27589283,6489.292667
ERF_Log_File_20250227_1034,1424714139,2d,0,1,0.01896824236,0.005199426988,3,4.014231429,0,0,-1,-6.25,1.541,1.55,6.329494451,3.211588773e-05,590.6186531,0.5337426702,SSW,8.019450511e-06,-99.09027692,6489.292667
ERF_Log_File_20250227_1034,1424714160,2d,0,1,0.02098104106,0.005542385261,3,4.010973143,0,0,-1,-5.625,1.541,1.55,5.713197441,3.55238375e-05,590.6186531,0.5337426702,SSW,8.161917826e-06,-100.080598,6489.292667
ERF_Log_File_20250227_1034,1424714180,2d,0,1,0.02607945264,0.001965858526,3,4.012542286,0,0,-1,-5,1.541,1.55,5.099019514,4.415616151e-05,590.6186531,0.5337426702,SSW,8.572963316e-06,-101.3099325,6489.292667
ERF_Log_File_20250227_1034,1424714201,2d,0,1,0.03398376505,0.004359010696,3,4.011585714,0,0,-1,-4.375,1.541,1.55,4.487830768,5.753926814e-05,590.6186531,0.5337426702,SSW,9.333103412e-06,-102.8750016,6489.292667
ERF_Log_File_20250227_1034,1424714221,2d,0,1,0.05109233161,0.005534626832,3,4.01381,0,0,-1,-3.75,1.541,1.55,3.881043674,8.65064646e-05,590.6186531,0.5337426702,SSW,1.135060515e-05,-104.9314172,6489.292667
ERF_Log_File_20250227_1034,1424714241,2d,0,1,0.1079259436,0.004451851057,3,4.010041714,0,0,-1,-3.125,1.541,1.55,3.281101187,0.00018273372,590.6186531,0.5337426702,SSW,1.969618836e-05,-107.7446716,6489.292667
ERF_Log_File_20250227_1034,1424714262,2d,0,1,0.1709120291,0.00316403853,3,4.011995429,0,0,-1,-2.5,1.541,1.55,2.692582404,0.0002893779738,590.6186531,0.5337426702,SSW,2.985734327e-05,-111.8014095,6489.292667
ERF_Log_File_20250227_1034,1424714282,2d,0,1,0.2999494628,0.003221852801,3,4.011133714,0,0,-1,-1.875,1.541,1.55,2.125,0.0005078563997,590.6186531,0.5337426702,SSW,5.131655001e-05,-118.0724869,6489.292667
ERF_Log_File_20250227_1034,1424714404,2d,0,1,0.2967309435,0.00591583059,3,4.018149429,0,0,-1,1.875,1.541,1.55,2.125,0.0005024069963,590.6186531,0.5337426702,SSW,5.077726342e-05,118.0724869,6489.292667
ERF_Log_File_20250227_1034,1424714424,2d,0,1,0.17010761,0.004390936448,3,4.015006,0,0,-1,2.5,1.541,1.55,2.692582404,0.0002880159796,590.6186531,0.5337426702,SSW,2.972534664e-05,111.8014095,6489.292667
ERF_Log_File_20250227_1034,1424714445,2d,0,1,0.1103164193,0.00298095319,3,4.013764286,0,0,-1,3.125,1.541,1.55,3.281101187,0.0001867811299,590.6186531,0.5337426702,SSW,2.00722903e-05,107.7446716,6489.292667
ERF_Log_File_20250227_1034,1424714465,2d,0,1,0.0564857799,0.002378543755,3,4.009823143,0,0,-1,3.75,1.541,1.55,3.881043674,9.563832704e-05,590.6186531,0.5337426702,SSW,1.206112796e-05,104.9314172,6489.292667
ERF_Log_File_20250227_1034,1424714486,2d,0,1,0.04150171686,0.003263898723,3,4.012022571,0,0,-1,4.375,1.541,1.55,4.487830768,7.026821222e-05,590.6186531,0.5337426702,SSW,1.016743284e-05,102.8750016,6489.292667
ERF_Log_File_20250227_1034,1424714506,2d,0,1,0.03686104688,0.005206468981,3,4.008572,0,0,-1,5,1.541,1.55,5.099019514,6.241090878e-05,590.6186531,0.5337426702,SSW,9.641101498e-06,101.3099325,6489.292667
ERF_Log_File_20250227_1034,1424714526,2d,0,1,0.02440926885,0.004148008715,3,4.006359429,0,0,-1,5.625,1.541,1.55,5.713197441,4.132830671e-05,590.6186531,0.5337426702,SSW,8.430784422e-06,100.080598,6489.292667
ERF_Log_File_20250227_1034,1424714547,2d,0,1,0.01796809563,0.002789855738,3,4.013877143,0,0,-1,6.25,1.541,1.55,6.329494451,3.042249942e-05,590.6186531,0.5337426702,SSW,7.953142917e-06,99.09027692,6489.292667
ERF_Log_File_20250227_1034,1424714567,2d,0,1,0.01461281244,0.003047211993,3,4.010682571,0,0,-1,6.875,1.541,1.55,6.947346616,2.474153561e-05,590.6186531,0.5337426702,SSW,7.75360416e-06,98.27589283,6489.292667
ERF_Log_File_20250227_1034,1424714587,2d,0,1,0.01340168412,0.004772176337,3,4.008998286,0,0,-1,7.5,1.541,1.55,7.566372975,2.269092595e-05,590.6186531,0.5337426702,SSW,7.690620482e-06,97.59464337,6489.292667
ERF_Log_File_20250227_1034,1424714608,2d,0,1,0.009229137344,0.004360387762,3,4.010944857,0,0,-1,8.125,1.541,1.55,8.186307165,1.562622057e-05,590.6186531,0.5337426702,SSW,7.512551418e-06,97.01650174,6489.292667
ERF_Log_File_20250227_1034,1424714644,2d,0,1,0.00564552691,0.003411037967,3,4.01926,0,0,0,-8.125,1.541,1.55,8.125,9.558666799e-06,590.6186531,0.5337426702,SSW,7.410141525e-06,-90,6489.292667
ERF_Log_File_20250227_1034,1424714664,2d,0,1,0.004040441792,0.003557863243,3,4.019388571,0,0,0,-7.5,1.541,1.55,7.5,6.841033162e-06,590.6186531,0.5337426702,SSW,7.380005235e-06,-90,6489.292667
ERF_Log_File_20250227_1034,1424714684,2d,0,1,0.008012117139,0.003490791231,3,4.019794571,0,0,0,-6.875,1.541,1.55,6.875,1.356563511e-05,590.6186531,0.5337426702,SSW,7.472406343e-06,-90,6489.292667
ERF_Log_File_20250227_1034,1424714705,2d,0,1,0.0155796901,0.00320935506,3,4.019328571,0,0,0,-6.25,1.541,1.55,6.25,2.637859474e-05,590.6186531,0.5337426702,SSW,7.807388332e-06,-90,6489.292667
ERF_Log_File_20250227_1034,1424714725,2d,0,1,0.0174522322,0.006340095882,3,4.022256286,0,0,0,-5.625,1.541,1.55,5.625,2.954907047e-05,590.6186531,0.5337426702,SSW,7.920140809e-06,-90,6489.292667
ERF_Log_File_20250227_1034,1424714745,2d,0,1,0.03085176019,0.003522647918,3,4.016445143,0,0,0,-5,1.541,1.55,5,5.223634578e-05,590.6186531,0.5337426702,SSW,9.015821001e-06,-90,6489.292667
ERF_Log_File_20250227_1034,1424714766,2d,0,1,0.04306466378,0.004147956864,3,4.016402571,0,0,0,-4.375,1.541,1.55,4.375,7.291449999e-05,590.6186531,0.5337426702,SSW,1.035210252e-05,-90,6489.292667
ERF_Log_File_20250227_1034,1424714786,2d,0,1,0.06637894604,0.004648854686,3,4.013744571,0,0,0,-3.75,1.541,1.55,3.75,0.0001123888412,590.6186531,0.5337426702,SSW,1.342830122e-05,-90,6489.292667
ERF_Log_File_20250227_1034,1424714806,2d,0,1,0.1069202174,0.004165106203,3,4.014886857,0,0,0,-3.125,1.541,1.55,3.125,0.0001810308849,590.6186531,0.5337426702,SSW,1.953829621e-05,-90,6489.292667
ERF_Log_File_20250227_1034,1424714827,2d,0,1,0.1745357269,0.004181502635,3,4.015887429,0,0,0,-2.5,1.541,1.55,2.5,0.000295513401,590.6186531,0.5337426702,SSW,3.045241308e-05,-90,6489.292667
ERF_Log_File_20250227_1034,1424714847,2d,0,1,0.3520413517,0.002890035746,3,4.013766857,0,0,0,-1.875,1.541,1.55,1.875,0.0005960552547,590.6186531,0.5337426702,SSW,6.00591813e-05,-90,6489.292667
ERF_Log_File_20250227_1034,1424714969,2d,0,1,0.4045354681,0.005040678442,3,4.01338,0,0,0,1.875,1.541,1.55,1.875,0.000684935137,590.6186531,0.5337426702,SSW,6.888933875e-05,90,6489.292667
ERF_Log_File_20250227_1034,1424714990,2d,0,1,0.1837676113,0.004490502273,3,4.018930571,0,0,0,2.5,1.541,1.55,2.5,0.0003111442727,590.6186531,0.5337426702,SSW,3.197159816e-05,90,6489.292667
ERF_Log_File_20250227_1034,1424715010,2d,0,1,0.1102164066,0.002309275065,3,4.019826286,0,0,0,3.125,1.541,1.55,3.125,0.0001866117944,590.6186531,0.5337426702,SSW,2.005653259e-05,90,6489.292667
ERF_Log_File_20250227_1034,1424715030,2d,0,1,0.06132409925,0.002904969519,3,4.020447714,0,0,0,3.75,1.541,1.55,3.75,0.0001038302785,590.6186531,0.5337426702,SSW,1.272055476e-05,90,6489.292667
ERF_Log_File_20250227_1034,1424715051,2d,0,1,0.04674134155,0.004399837931,3,4.016855429,0,0,0,4.375,1.541,1.55,4.375,7.913962979e-05,590.6186531,0.5337426702,SSW,1.07996466e-05,90,6489.292667
ERF_Log_File_20250227_1034,1424715071,2d,0,1,0.02855503424,0.003870382571,3,4.022312286,0,0,0,5,1.541,1.55,5,4.834766746e-05,590.6186531,0.5337426702,SSW,8.796210557e-06,90,6489.292667
ERF_Log_File_20250227_1034,1424715091,2d,0,1,0.0269781882,0.003905248559,3,4.019727143,0,0,0,5.625,1.541,1.55,5.625,4.567784653e-05,590.6186531,0.5337426702,SSW,8.652329299e-06,90,6489.292667
ERF_Log_File_20250227_1034,1424715112,2d,0,1,0.020162127,0.003148203064,3,4.020839714,0,0,0,6.25,1.541,1.55,6.25,3.413730144e-05,590.6186531,0.5337426702,SSW,8.102527193e-06,90,6489.292667
ERF_Log_File_20250227_1034,1424715132,2d,0,1,0.009277288487,0.00376561773,3,4.018754,0,0,0,6.875,1.541,1.55,6.875,1.570774719e-05,590.6186531,0.5337426702,SSW,7.514251554e-06,90,6489.292667
ERF_Log_File_20250227_1034,1424715152,2d,0,1,0.002492268121,0.003087981753,3,4.018697429,0,0,0,7.5,1.541,1.55,7.5,4.219758567e-06,590.6186531,0.5337426702,SSW,7.360334222e-06,90,6489.292667
ERF_Log_File_20250227_1034,1424715173,2d,0,1,0.009392771701,0.003504877854,3,4.018532571,0,0,0,8.125,1.541,1.55,8.125,1.590327642e-05,590.6186531,0.5337426702,SSW,7.518363536e-06,90,6489.292667
ERF_Log_File_20250227_1034,1424715209,2d,0,1,0.003909687979,0.00501919479,3,4.018976571,0,0,1,-8.125,1.541,1.55,8.186307165,6.619648665e-06,590.6186531,0.5337426702,SSW,7.377985834e-06,-82.98349826,6489.292667
ERF_Log_File_20250227_1034,1424715229,2d,0,1,0.007963975055,0.004502198175,3,4.019012286,0,0,1,-7.5,1.541,1.55,7.566372975,1.348412383e-05,590.6186531,0.5337426702,SSW,7.470930741e-06,-82.40535663,6489.292667
ERF_Log_File_20250227_1034,1424715249,2d,0,1,0.01209169198,0.003148277774,3,4.019034857,0,0,1,-6.875,1.541,1.55,6.947346616,2.0472926e-05,590.6186531,0.5337426702,SSW,7.628118444e-06,-81.72410717,6489.292667
ERF_Log_File_20250227_1034,1424715270,2d,0,1,0.0207847137,0.002229385549,3,4.016638571,0,0,1,-6.25,1.541,1.55,6.329494451,3.519142782e-05,590.6186531,0.5337426702,SSW,8.147503852e-06,-80.90972308,6489.292667
ERF_Log_File_20250227_1034,1424715290,2d,0,1,0.02310999738,0.003882646397,3,4.014746286,0,0,1,-5.625,1.541,1.55,5.713197441,3.912845837e-05,590.6186531,0.5337426702,SSW,8.325145921e-06,-79.91940201,6489.292667
ERF_Log_File_20250227_1034,1424715310,2d,0,1,0.03128497292,0.002414984647,3,4.014934,0,0,1,-5,1.541,1.55,5.099019514,5.296983553e-05,590.6186531,0.5337426702,SSW,9.058519078e-06,-78.69006753,6489.292667
ERF_Log_File_20250227_1034,1424715331,2d,0,1,0.04375335515,0.0061626535,3,4.017014286,0,0,1,-4.375,1.541,1.55,4.487830768,7.408055082e-05,590.6186531,0.5337426702,SSW,1.043456773e-05,-77.12499844,6489.292667
ERF_Log_File_20250227_1034,1424715351,2d,0,1,0.06110621449,0.00277052024,3,4.018640857,0,0,1,-3.75,1.541,1.55,3.881043674,0.0001034613691,590.6186531,0.5337426702,SSW,1.269045833e-05,-75.06858282,6489.292667
ERF_Log_File_20250227_1034,1424715371,2d,0,1,0.09971441948,0.003795115088,3,4.016845143,0,0,1,-3.125,1.541,1.55,3.281101187,0.000168830461,590.6186531,0.5337426702,SSW,1.841349955e-05,-72.25532837,6489.292667
ERF_Log_File_20250227_1034,1424715392,2d,0,1,0.1554116014,0.002460520199,3,4.013749429,0,0,1,-2.5,1.541,1.55,2.692582404,0.0002631335814,590.6186531,0.5337426702,SSW,2.732116038e-05,-68.19859051,6489.292667
ERF_Log_File_20250227_1034,1424715412,2d,0,1,0.2752761219,0.00488196593,3,4.02323,0,0,1,-1.875,1.541,1.55,2.125,0.0004660809822,590.6186531,0.5337426702,SSW,4.718568288e-05,-61.92751306,6489.292667
ERF_Log_File_20250227_1034,1424715534,2d,0,1,0.3017150916,0.005996495641,3,4.020704286,0,0,1,1.875,1.541,1.55,2.125,0.0005108458564,590.6186531,0.5337426702,SSW,5.161244476e-05,61.92751306,6489.292667
ERF_Log_File_20250227_1034,1424715555,2d,0,1,0.1790552536,0.003768922982,3,4.019115143,0,0,1,2.5,1.541,1.55,2.692582404,0.0003031655919,590.6186531,0.5337426702,SSW,3.119559685e-05,68.19859051,6489.292667
ERF_Log_File_20250227_1034,1424715575,2d,0,1,0.103930317,0.002363248466,3,4.018660286,0,0,1,3.125,1.541,1.55,3.281101187,0.0001759685652,590.6186531,0.5337426702,SSW,1.907016228e-05,72.25532837,6489.292667
ERF_Log_File_20250227_1034,1424715595,2d,0,1,0.05744470204,0.01060783379,3,4.016243143,0,0,1,3.75,1.541,1.55,3.881043674,9.726191637e-05,590.6186531,0.5337426702,SSW,1.219028183e-05,75.06858282,6489.292667
ERF_Log_File_20250227_1034,1424715616,2d,0,1,0.03906471174,0.005186853676,3,4.015779714,0,0,1,4.375,1.541,1.55,4.487830768,6.614202165e-05,590.6186531,0.5337426702,SSW,9.886742878e-06,77.12499844,6489.292667
ERF_Log_File_20250227_1034,1424715636,2d,0,1,0.02412504817,0.006229313107,3,4.012927714,0,0,1,5,1.541,1.55,5.099019514,4.084708134e-05,590.6186531,0.5337426702,SSW,8.407297119e-06,78.69006753,6489.292667
ERF_Log_File_20250227_1034,1424715656,2d,0,1,0.02073907571,0.002564615205,3,4.013676857,0,0,1,5.625,1.541,1.55,5.713197441,3.511415632e-05,590.6186531,0.5337426702,SSW,8.144168982e-06,79.91940201,6489.292667
ERF_Log_File_20250227_1034,1424715677,2d,0,1,0.01696253605,0.004072896163,3,4.017884,0,0,1,6.25,1.541,1.55,6.329494451,2.871994639e-05,590.6186531,0.5337426702,SSW,7.889579743e-06,80.90972308,6489.292667
ERF_Log_File_20250227_1034,1424715697,2d,0,1,0.01280840391,0.003805499937,3,4.017286,0,0,1,6.875,1.541,1.55,6.947346616,2.168641955e-05,590.6186531,0.5337426702,SSW,7.661581672e-06,81.72410717,6489.292667
ERF_Log_File_20250227_1034,1424715718,2d,0,1,0.0136368569,0.003197056861,3,4.011531143,0,0,1,7.5,1.541,1.55,7.566372975,2.308910637e-05,590.6186531,0.5337426702,SSW,7.702463593e-06,82.40535663,6489.292667
ERF_Log_File_20250227_1034,1424715738,2d,0,1,0.01509076846,0.004031962785,3,4.01114,0,0,1,8.125,1.541,1.55,8.186307165,2.555078201e-05,590.6186531,0.5337426702,SSW,7.779807162e-06,82.98349826,6489.292667
ERF_Log_File_20250227_1034,1424715774,2d,0,1,0.05472087063,0.004076233174,3,4.019589143,0,0,2,-8.125,1.541,1.55,8.367533986,9.265008875e-05,590.6186531,0.5337426702,SSW,1.182555883e-05,-76.17134903,6489.292667
ERF_Log_File_20250227_1034,1424715794,2d,0,1,0.008047548815,0.005295777212,3,4.023593143,0,0,2,-7.5,1.541,1.55,7.762087348,1.36256259e-05,590.6186531,0.5337426702,SSW,7.473497851e-06,-75.06858282,6489.292667
ERF_Log_File_20250227_1034,1424715815,2d,0,1,0.01683314502,0.004491158357,3,4.020358,0,0,2,-6.875,1.541,1.55,7.160001746,2.850086927e-05,590.6186531,0.5337426702,SSW,7.881630579e-06,-73.7798063,6489.292667
ERF_Log_File_20250227_1034,1424715835,2d,0,1,0.02243113119,0.003277356867,3,4.016938286,0,0,2,-6.25,1.541,1.55,6.562202374,3.797904294e-05,590.6186531,0.5337426702,SSW,8.271740851e-06,-72.25532837,6489.292667
ERF_Log_File_20250227_1034,1424715855,2d,0,1,0.02071450747,0.007091301801,3,4.016435143,0,0,2,-5.625,1.541,1.55,5.969976968,3.507255885e-05,590.6186531,0.5337426702,SSW,8.142376196e-06,-70.42687417,6489.292667
ERF_Log_File_20250227_1034,1424715876,2d,0,1,0.02668210156,0.003353026718,3,4.017732286,0,0,2,-5,1.541,1.55,5.385164807,4.517653045e-05,590.6186531,0.5337426702,SSW,8.625966468e-06,-68.19859051,6489.292667
ERF_Log_File_20250227_1034,1424715896,2d,0,1,0.03755503593,0.002944461828,3,4.016033143,0,0,2,-4.375,1.541,1.55,4.810470351,6.358592933e-05,590.6186531,0.5337426702,SSW,9.71758446e-06,-65.43282868,6489.292667
ERF_Log_File_20250227_1034,1424715916,2d,0,1,0.04777483651,0.003914312746,3,4.012767143,0,0,2,-3.75,1.541,1.55,4.25,8.088948132e-05,590.6186531,0.5337426702,SSW,1.092853454e-05,-61.92751306,6489.292667
ERF_Log_File_20250227_1034,1424715937,2d,0,1,0.06432486356,0.003795318063,3,4.011649429,0,0,2,-3.125,1.541,1.55,3.71020552,0.0001089109923,590.6186531,0.5337426702,SSW,1.313857569e-05,-57.38075693,6489.292667
ERF_Log_File_20250227_1034,1424715957,2d,0,1,0.1185051393,0.002958839858,3,4.010283714,0,0,2,-2.5,1.541,1.55,3.201562119,0.0002006457782,590.6186531,0.5337426702,SSW,2.136858917e-05,-51.34019175,6489.292667
ERF_Log_File_20250227_1034,1424715977,2d,0,1,0.169664872,0.00291473287,3,4.012230286,0,0,2,-1.875,1.541,1.55,2.741464025,0.0002872663622,590.6186531,0.5337426702,SSW,2.965271428e-05,-43.15238973,6489.292667
ERF_Log_File_20250227_1034,1424715998,2d,0,1,0.2377328705,0.003288494351,3,4.014122571,0,0,2,-1.25,1.541,1.55,2.358495283,0.0004025150057,590.6186531,0.5337426702,SSW,4.091835842e-05,-32.00538321,6489.292667
ERF_Log_File_20250227_1034,1424716079,2d,0,1,0.2272241547,0.002069713268,3,4.013194857,0,0,2,1.25,1.541,1.55,2.358495283,0.0003847222798,590.6186531,0.5337426702,SSW,3.91692436e-05,32.00538321,6489.292667
ERF_Log_File_20250227_1034,1424716099,2d,0,1,0.1709646673,0.004567171081,3,4.019660286,0,0,2,1.875,1.541,1.55,2.741464025,0.0002894670976,590.6186531,0.5337426702,SSW,2.986598195e-05,43.15238973,6489.292667
ERF_Log_File_20250227_1034,1424716120,2d,0,1,0.1129978537,0.002495942775,3,4.018629714,0,0,2,2.5,1.541,1.55,3.201562119,0.0001913211734,590.6186531,0.5337426702,SSW,2.049546898e-05,51.34019175,6489.292667
ERF_Log_File_20250227_1034,1424716140,2d,0,1,0.06019945811,0.006148970652,3,4.019680857,0,0,2,3.125,1.541,1.55,3.71020552,0.0001019261038,590.6186531,0.5337426702,SSW,1.256559717e-05,57.38075693,6489.292667
ERF_Log_File_20250227_1034,1424716161,2d,0,1,0.0474719615,0.002205476555,3,4.016399429,0,0,2,3.75,1.541,1.55,4.25,8.037667157e-05,590.6186531,0.5337426702,SSW,1.089062951e-05,61.92751306,6489.292667
ERF_Log_File_20250227_1034,1424716181,2d,0,1,0.04186438002,0.003215433021,3,4.018554857,0,0,2,4.375,1.541,1.55,4.810470351,7.088225169e-05,590.6186531,0.5337426702,SSW,1.020996968e-05,65.43282868,6489.292667
ERF_Log_File_20250227_1034,1424716201,2d,0,1,0.02964602524,0.002725334495,3,4.013215429,0,0,2,5,1.541,1.55,5.385164807,5.019486784e-05,590.6186531,0.5337426702,SSW,8.899086858e-06,68.19859051,6489.292667
ERF_Log_File_20250227_1034,1424716222,2d,0,1,0.02515251826,0.006374802269,3,4.012242286,0,0,2,5.625,1.541,1.55,5.969976968,4.258673194e-05,590.6186531,0.5337426702,SSW,8.493186694e-06,70.42687417,6489.292667
ERF_Log_File_20250227_1034,1424716242,2d,0,1,0.02305581548,0.004095177015,3,4.012531714,0,0,2,6.25,1.541,1.55,6.562202374,3.903672084e-05,590.6186531,0.5337426702,SSW,8.320837815e-06,72.25532837,6489.292667
ERF_Log_File_20250227_1034,1424716262,2d,0,1,0.01516207911,0.002903998728,3,4.01001,0,0,2,6.875,1.541,1.55,7.160001746,2.567152092e-05,590.6186531,0.5337426702,SSW,7.7837812e-06,73.7798063,6489.292667
ERF_Log_File_20250227_1034,1424716283,2d,0,1,0.01003355767,0.003847501655,3,4.014483714,0,0,2,7.5,1.541,1.55,7.762087348,1.698821671e-05,590.6186531,0.5337426702,SSW,7.542060227e-06,75.06858282,6489.292667
ERF_Log_File_20250227_1034,1424716303,2d,0,1,0.005713783594,0.005064802463,3,4.014602286,0,0,2,8.125,1.541,1.55,8.367533986,9.674234912e-06,590.6186531,0.5337426702,SSW,7.411641272e-06,76.17134903,6489.292667
ERF_Log_File_20250227_1034,1424716339,2d,0,1,0.009272694383,0.00385012969,3,4.010389143,0,0,3,-8.125,1.541,1.55,8.661156101,1.569996873e-05,590.6186531,0.5337426702,SSW,7.514088979e-06,-69.73430253,6489.292667
ERF_Log_File_20250227_1034,1424716359,2d,0,1,0.006172954365,0.004023785975,3,4.012884286,0,0,3,-7.5,1.541,1.55,8.077747211,1.045167526e-05,590.6186531,0.5337426702,SSW,7.422190113e-06,-68.19859051,6489.292667
ERF_Log_File_20250227_1034,1424716380,2d,0,1,0.004812660783,0.003001796219,3,4.011439429,0,0,3,-6.875,1.541,1.55,7.501041594,8.148507937e-06,590.6186531,0.5337426702,SSW,7.393272465e-06,-66.4252938,6489.292667
ERF_Log_File_20250227_1034,1424716400,2d,0,1,0.00759919458,0.00362232583,3,4.020827714,0,0,3,-6.25,1.541,1.55,6.932712312,1.286649946e-05,590.6186531,0.5337426702,SSW,7.460029824e-06,-64.35899418,6489.292667
ERF_Log_File_20250227_1034,1424716420,2d,0,1,0.01432949897,0.00524577432,3,4.018115429,0,0,3,-5.625,1.541,1.55,6.375,2.426184628e-05,590.6186531,0.5337426702,SSW,7.738429703e-06,-61.92751306,6489.292667
ERF_Log_File_20250227_1034,1424716441,2d,0,1,0.0218209817,0.005351286136,3,4.019814,0,0,3,-5,1.541,1.55,5.830951895,3.694597451e-05,590.6186531,0.5337426702,SSW,8.22481652e-06,-59.03624347,6489.292667
ERF_Log_File_20250227_1034,1424716461,2d,0,1,0.02418140011,0.00485123185,3,4.017446,0,0,3,-4.375,1.541,1.55,5.304773793,4.094249307e-05,590.6186531,0.5337426702,SSW,8.411937236e-06,-55.56101069,6489.292667
ERF_Log_File_20250227_1034,1424716481,2d,0,1,0.04126941512,0.002675907227,3,4.015576571,0,0,3,-3.75,1.541,1.55,4.802343178,6.987489289e-05,590.6186531,0.5337426702,SSW,1.014028775e-05,-51.34019175,6489.292667
ERF_Log_File_20250227_1034,1424716502,2d,0,1,0.048925397,0.006116992943,3,4.015764286,0,0,3,-3.125,1.541,1.55,4.331930863,8.283754119e-05,590.6186531,0.5337426702,SSW,1.10735102e-05,-46.16913933,6489.292667
ERF_Log_File_20250227_1034,1424716522,2d,0,1,0.06223607049,0.003273990235,3,4.015515714,0,0,3,-2.5,1.541,1.55,3.905124838,0.0001053743734,590.6186531,0.5337426702,SSW,1.284690996e-05,-39.80557109,6489.292667
ERF_Log_File_20250227_1034,1424716542,2d,0,1,0.07951498415,0.002921176104,3,4.013411143,0,0,3,-1.875,1.541,1.55,3.537742925,0.0001346299913,590.6186531,0.5337426702,SSW,1.533830466e-05,-32.00538321,6489.292667
ERF_Log_File_20250227_1034,1424716563,2d,0,1,0.1236764493,0.003579393759,3,4.014921143,0,0,3,-1.25,1.541,1.55,3.25,0.0002094015294,590.6186531,0.5337426702,SSW,2.219284248e-05,-22.61986495,6489.292667
ERF_Log_File_20250227_1034,1424716583,2d,0,1,0.1384723316,0.003888373141,3,4.015218286,0,0,3,-0.625,1.541,1.55,3.064412668,0.000234453028,590.6186531,0.5337426702,SSW,2.457078664e-05,-11.76828893,6489.292667
ERF_Log_File_20250227_1034,1424716603,2d,0,1,0.1674241793,0.005161255875,3,4.011798857,0,0,3,0,1.541,1.55,3,0.0002834725562,590.6186531,0.5337426702,SSW,2.928530294e-05,0,6489.292667
ERF_Log_File_20250227_1034,1424716624,2d,0,1,0.1449892557,0.008424218202,3,4.015151429,0,0,3,0.625,1.541,1.55,3.064412668,0.0002454870921,590.6186531,0.5337426702,SSW,2.562586157e-05,11.76828893,6489.292667
ERF_Log_File_20250227_1034,1424716644,2d,0,1,0.1103777258,0.005219604448,3,4.012237714,0,0,3,1.25,1.541,1.55,3.25,0.0001868849302,590.6186531,0.5337426702,SSW,2.008195051e-05,22.61986495,6489.292667
ERF_Log_File_20250227_1034,1424716665,2d,0,1,0.07599979127,0.00177295369,3,4.013148857,0,0,3,1.875,1.541,1.55,3.537742925,0.000128678278,590.6186531,0.5337426702,SSW,1.481860171e-05,32.00538321,6489.292667
ERF_Log_File_20250227_1034,1424716685,2d,0,1,0.05389729092,0.007010457416,3,4.010740857,0,0,3,2.5,1.541,1.55,3.905124838,9.125565309e-05,590.6186531,0.5337426702,SSW,1.171662003e-05,39.80557109,6489.292667
ERF_Log_File_20250227_1034,1424716705,2d,0,1,0.04972503468,0.003541524998,3,4.016174571,0,0,3,3.125,1.541,1.55,4.331930863,8.419143963e-05,590.6186531,0.5337426702,SSW,1.117516065e-05,46.16913933,6489.292667
ERF_Log_File_20250227_1034,1424716726,2d,0,1,0.0417977206,0.003193769913,3,4.019827429,0,0,3,3.75,1.541,1.55,4.802343178,7.076938797e-05,590.6186531,0.5337426702,SSW,1.020213677e-05,51.34019175,6489.292667
ERF_Log_File_20250227_1034,1424716746,2d,0,1,0.03808014005,0.004362226019,3,4.019653429,0,0,3,4.375,1.541,1.55,5.304773793,6.447500405e-05,590.6186531,0.5337426702,SSW,9.775996016e-06,55.56101069,6489.292667
ERF_Log_File_20250227_1034,1424716767,2d,0,1,0.03207766804,0.003455368027,3,4.019931429,0,0,3,5,1.541,1.55,5.830951895,5.431197926e-05,590.6186531,0.5337426702,SSW,9.137656244e-06,59.03624347,6489.292667
ERF_Log_File_20250227_1034,1424716787,2d,0,1,0.0288446756,0.001574392108,3,4.021676286,0,0,3,5.625,1.541,1.55,6.375,4.88380708e-05,590.6186531,0.5337426702,SSW,8.823262503e-06,61.92751306,6489.292667
ERF_Log_File_20250227_1034,1424716807,2d,0,1,0.01631614713,0.003370878155,3,4.021880571,0,0,3,6.25,1.541,1.55,6.932712312,2.762551952e-05,590.6186531,0.5337426702,SSW,7.850398605e-06,64.35899418,6489.292667
ERF_Log_File_20250227_1034,1424716828,2d,0,1,0.009970833612,0.002199923535,3,4.018979429,0,0,3,6.875,1.541,1.55,7.501041594,1.68820161e-05,590.6186531,0.5337426702,SSW,7.539675002e-06,66.4252938,6489.292667
ERF_Log_File_20250227_1034,1424716848,2d,0,1,0.001588590242,0.006495238065,3,4.019782286,0,0,3,7.5,1.541,1.55,8.077747211,2.689705503e-06,590.6186531,0.5337426702,SSW,7.353148493e-06,68.19859051,6489.292667
ERF_Log_File_20250227_1034,1424716868,2d,0,1,0.006228459913,0.008771557422,3,4.019888571,0,0,3,8.125,1.541,1.55,8.661156101,1.054565392e-05,590.6186531,0.5337426702,SSW,7.423519427e-06,69.73430253,6489.292667
ERF_Log_File_20250226_1857,1424656759,2d,0,1,0.01236860832,0.006763758068,3,2.852909143,0,0,-3,-8.125,2.175,2.2,8.661156101,2.070822227e-05,597.280064,0.7995770886,SSW,7.55564666e-06,-110.2656975,4597.701149
ERF_Log_File_20250226_1857,1424656779,2d,0,1,0.003327300096,0.002497734864,3,2.852255143,0,0,-3,-7.5,2.175,2.2,8.077747211,5.570753649e-06,597.280064,0.7995770886,SSW,7.287599867e-06,-111.8014095,4597.701149
ERF_Log_File_20250226_1857,1424656800,2d,0,1,0.009189070832,0.003620091242,3,2.852032,0,0,-3,-6.875,2.175,2.2,7.501041594,1.538486111e-05,597.280064,0.7995770886,SSW,7.427387625e-06,-113.5747062,4597.701149
ERF_Log_File_20250226_1857,1424656820,2d,0,1,0.01031995795,0.004307691565,3,2.852889143,0,0,-3,-6.25,2.175,2.2,6.932712312,1.727825617e-05,597.280064,0.7995770886,SSW,7.468911542e-06,-115.6410058,4597.701149
ERF_Log_File_20250226_1857,1424656840,2d,0,1,0.02540157095,0.004427627908,3,2.852615429,0,0,-3,-5.625,2.175,2.2,6.375,4.252874402e-05,597.280064,0.7995770886,SSW,8.419554935e-06,-118.0724869,4597.701149
ERF_Log_File_20250226_1857,1424656861,2d,0,1,0.02755189313,0.003856649549,3,2.852813429,0,0,-3,-5,2.175,2.2,5.830951895,4.61289348e-05,597.280064,0.7995770886,SSW,8.607050766e-06,-120.9637565,4597.701149
ERF_Log_File_20250226_1857,1424656881,2d,0,1,0.030448262,0.004212888766,3,2.852892571,0,0,-3,-4.375,2.175,2.2,5.304773793,5.097819906e-05,597.280064,0.7995770886,SSW,8.876437818e-06,-124.4389893,4597.701149
ERF_Log_File_20250226_1857,1424656901,2d,0,1,0.04348630066,0.004203081822,3,2.853322286,0,0,-3,-3.75,2.175,2.2,4.802343178,7.280721939e-05,597.280064,0.7995770886,SSW,1.02867456e-05,-128.6598083,4597.701149
ERF_Log_File_20250226_1857,1424656922,2d,0,1,0.04347831976,0.006201953043,3,2.851614857,0,0,-3,-3.125,2.175,2.2,4.331930863,7.279385732e-05,597.280064,0.7995770886,SSW,1.028579973e-05,-133.8308607,4597.701149
ERF_Log_File_20250226_1857,1424656942,2d,0,1,0.05361527094,0.002547201455,3,2.853031429,0,0,-3,-2.5,2.175,2.2,3.905124838,8.976571321e-05,597.280064,0.7995770886,SSW,1.15495453e-05,-140.1944289,4597.701149
ERF_Log_File_20250226_1857,1424656963,2d,0,1,0.08005610425,0.009512347059,3,2.852042,0,0,-3,-1.875,2.175,2.2,3.537742925,0.0001340344489,597.280064,0.7995770886,SSW,1.524740155e-05,-147.9946168,4597.701149
ERF_Log_File_20250226_1857,1424656983,2d,0,1,0.1164479121,0.003821792584,3,2.852839143,0,0,-3,-1.25,2.175,2.2,3.25,0.0001949636681,597.280064,0.7995770886,SSW,2.080805521e-05,-157.3801351,4597.701149
ERF_Log_File_20250226_1857,1424657003,2d,0,1,0.1388172267,0.004705786512,3,2.850823714,0,0,-3,-0.625,2.175,2.2,3.064412668,0.0002324156373,597.280064,0.7995770886,SSW,2.435294258e-05,-168.2317111,4597.701149
ERF_Log_File_20250226_1857,1424657024,2d,0,1,0.1551879725,0.004365511129,3,2.852188857,0,0,-3,0,2.175,2.2,3,0.000259824464,597.280064,0.7995770886,SSW,2.698160905e-05,180,4597.701149
ERF_Log_File_20250226_1857,1424657044,2d,0,1,0.1367696236,0.003466163909,3,2.851891143,0,0,-3,0.625,2.175,2.2,3.064412668,0.0002289874246,597.280064,0.7995770886,SSW,2.402592557e-05,168.2317111,4597.701149
ERF_Log_File_20250226_1857,1424657064,2d,0,1,0.1162281337,0.006522078368,3,2.851396286,0,0,-3,1.25,2.175,2.2,3.25,0.0001945957026,597.280064,0.7995770886,SSW,2.077357602e-05,157.3801351,4597.701149
ERF_Log_File_20250226_1857,1424657085,2d,0,1,0.06875332915,0.003836472014,3,2.851711714,0,0,-3,1.875,2.175,2.2,3.537742925,0.0001151107048,597.280064,0.7995770886,SSW,1.361349379e-05,147.9946168,4597.701149
ERF_Log_File_20250226_1857,1424657105,2d,0,1,0.05067561652,0.002435591625,3,2.849936286,0,0,-3,2.5,2.175,2.2,3.905124838,8.484397784e-05,597.280064,0.7995770886,SSW,1.117124118e-05,140.1944289,4597.701149
ERF_Log_File_20250226_1857,1424657126,2d,0,1,0.03175880656,0.005184316881,3,2.849623143,0,0,-3,3.125,2.175,2.2,4.331930863,5.317238674e-05,597.280064,0.7995770886,SSW,9.004266611e-06,133.8308607,4597.701149
ERF_Log_File_20250226_1857,1424657146,2d,0,1,0.03479569297,0.004584545045,3,2.850327714,0,0,-3,3.75,2.175,2.2,4.802343178,5.82569134e-05,597.280064,0.7995770886,SSW,9.313618256e-06,128.6598083,4597.701149
ERF_Log_File_20250226_1857,1424657166,2d,0,1,0.02349991779,0.001964004623,3,2.849777143,0,0,-3,4.375,2.175,2.2,5.304773793,3.934488895e-05,597.280064,0.7995770886,SSW,8.263274189e-06,124.4389893,4597.701149
ERF_Log_File_20250226_1857,1424657187,2d,0,1,0.02513996236,0.007262584505,3,2.850278286,0,0,-3,5,2.175,2.2,5.830951895,4.209074414e-05,597.280064,0.7995770886,SSW,8.397511871e-06,120.9637565,4597.701149
ERF_Log_File_20250226_1857,1424657207,2d,0,1,0.02048394382,0.003059408293,3,2.848993714,0,0,-3,5.625,2.175,2.2,6.375,3.429537507e-05,597.280064,0.7995770886,SSW,8.035082986e-06,118.0724869,4597.701149
ERF_Log_File_20250226_1857,1424657227,2d,0,1,0.009582353878,0.004544545942,3,2.849476857,0,0,-3,6.25,2.175,2.2,6.932712312,1.604331779e-05,597.280064,0.7995770886,SSW,7.441308015e-06,115.6410058,4597.701149
ERF_Log_File_20250226_1857,1424657248,2d,0,1,0.005458109608,0.002123093723,3,2.849157714,0,0,-3,6.875,2.175,2.2,7.501041594,9.138275219e-06,597.280064,0.7995770886,SSW,7.323520577e-06,113.5747062,4597.701149
ERF_Log_File_20250226_1857,1424657268,2d,0,1,0.005946170854,0.004426590997,3,2.849739143,0,0,-3,7.5,2.175,2.2,8.077747211,9.955414909e-06,597.280064,0.7995770886,SSW,7.334166873e-06,111.8014095,4597.701149
ERF_Log_File_20250226_1857,1424657288,2d,0,1,0.005576586041,0.007287678108,3,2.848894571,0,0,-3,8.125,2.175,2.2,8.661156101,9.33663515e-06,597.280064,0.7995770886,SSW,7.326022592e-06,110.2656975,4597.701149
ERF_Log_File_20250226_1857,1424657324,2d,0,1,0.02275747914,0.003621951348,3,2.848005143,0,0,-2,-8.125,2.175,2.2,8.367533986,3.810185626e-05,597.280064,0.7995770886,SSW,8.204805875e-06,-103.828651,4597.701149
ERF_Log_File_20250226_1857,1424657345,2d,0,1,0.007657163281,0.004224922775,3,2.849271714,0,0,-2,-7.5,2.175,2.2,7.762087348,1.282005502e-05,597.280064,0.7995770886,SSW,7.378519898e-06,-104.9314172,4597.701149
ERF_Log_File_20250226_1857,1424657365,2d,0,1,0.008380647453,0.002340049135,3,2.847626,0,0,-2,-6.875,2.175,2.2,7.160001746,1.403135306e-05,597.280064,0.7995770886,SSW,7.400531383e-06,-106.2201937,4597.701149
ERF_Log_File_20250226_1857,1424657385,2d,0,1,0.02358097265,0.002902267893,3,2.846887714,0,0,-2,-6.25,2.175,2.2,6.562202374,3.948059556e-05,597.280064,0.7995770886,SSW,8.269745516e-06,-107.7446716,4597.701149
ERF_Log_File_20250226_1857,1424657406,2d,0,1,0.02645830999,0.004896502327,3,2.847214857,0,0,-2,-5.625,2.175,2.2,5.969976968,4.429799617e-05,597.280064,0.7995770886,SSW,8.510309311e-06,-109.5731258,4597.701149
ERF_Log_File_20250226_1857,1424657426,2d,0,1,0.02814337151,0.004374746553,3,2.84619,0,0,-2,-5,2.175,2.2,5.385164807,4.711922129e-05,597.280064,0.7995770886,SSW,8.660537644e-06,-111.8014095,4597.701149
ERF_Log_File_20250226_1857,1424657446,2d,0,1,0.03551550794,0.002388972241,3,2.846205429,0,0,-2,-4.375,2.175,2.2,4.810470351,5.946206826e-05,597.280064,0.7995770886,SSW,9.389485358e-06,-114.5671713,4597.701149
ERF_Log_File_20250226_1857,1424657467,2d,0,1,0.04972362435,0.003712596512,3,2.844823143,0,0,-2,-3.75,2.175,2.2,4.25,8.325009882e-05,597.280064,0.7995770886,SSW,1.105065306e-05,-118.0724869,4597.701149
ERF_Log_File_20250226_1857,1424657487,2d,0,1,0.07070036028,0.001999535034,3,2.846204286,0,0,-2,-3.125,2.175,2.2,3.71020552,0.0001183705343,597.280064,0.7995770886,SSW,1.38902724e-05,-122.6192431,4597.701149
ERF_Log_File_20250226_1857,1424657507,2d,0,1,0.1191668802,0.002494756088,3,2.846117143,0,0,-2,-2.5,2.175,2.2,3.201562119,0.0001995159179,597.280064,0.7995770886,SSW,2.123525549e-05,-128.6598083,4597.701149
ERF_Log_File_20250226_1857,1424657528,2d,0,1,0.156762406,0.002289572082,3,2.846927143,0,0,-2,-1.875,2.175,2.2,2.741464025,0.0002624604695,597.280064,0.7995770886,SSW,2.723558617e-05,-136.8476103,4597.701149
ERF_Log_File_20250226_1857,1424657548,2d,0,1,0.1943629609,0.002942025632,3,2.846403143,0,0,-2,-1.25,2.175,2.2,2.358495283,0.000325413441,597.280064,0.7995770886,SSW,3.334557801e-05,-147.9946168,4597.701149
ERF_Log_File_20250226_1857,1424657629,2d,0,1,0.1856669796,0.003391735684,3,2.846158286,0,0,-2,1.25,2.175,2.2,2.358495283,0.0003108541382,597.280064,0.7995770886,SSW,3.192608413e-05,147.9946168,4597.701149
ERF_Log_File_20250226_1857,1424657650,2d,0,1,0.1545723966,0.002222585483,3,2.84572,0,0,-2,1.875,2.175,2.2,2.741464025,0.0002587938321,597.280064,0.7995770886,SSW,2.688235897e-05,136.8476103,4597.701149
ERF_Log_File_20250226_1857,1424657670,2d,0,1,0.1152932889,0.003408436514,3,2.846485143,0,0,-2,2.5,2.175,2.2,3.201562119,0.0001930305326,597.280064,0.7995770886,SSW,2.062700569e-05,128.6598083,4597.701149
ERF_Log_File_20250226_1857,1424657690,2d,0,1,0.06411397967,0.00419338212,3,2.846813143,0,0,-2,3.125,2.175,2.2,3.71020552,0.000107343244,597.280064,0.7995770886,SSW,1.296322079e-05,122.6192431,4597.701149
ERF_Log_File_20250226_1857,1424657711,2d,0,1,0.04504081474,0.003581139474,3,2.845323714,0,0,-2,3.75,2.175,2.2,4.25,7.540987462e-05,597.280064,0.7995770886,SSW,1.047260265e-05,118.0724869,4597.701149
ERF_Log_File_20250226_1857,1424657731,2d,0,1,0.02852456795,0.002989817593,3,2.844810571,0,0,-2,4.375,2.175,2.2,4.810470351,4.775744189e-05,597.280064,0.7995770886,SSW,8.695432318e-06,114.5671713,4597.701149
ERF_Log_File_20250226_1857,1424657751,2d,0,1,0.02163341602,0.004758540995,3,2.846014286,0,0,-2,5,2.175,2.2,5.385164807,3.621988632e-05,597.280064,0.7995770886,SSW,8.119105611e-06,111.8014095,4597.701149
ERF_Log_File_20250226_1857,1424657772,2d,0,1,0.01654806154,0.00332460864,3,2.845860286,0,0,-2,5.625,2.175,2.2,5.969976968,2.770569877e-05,597.280064,0.7995770886,SSW,7.776641712e-06,109.5731258,4597.701149
ERF_Log_File_20250226_1857,1424657792,2d,0,1,0.01492475255,0.005892503507,3,2.844329714,0,0,-2,6.25,2.175,2.2,6.562202374,2.498786323e-05,597.280064,0.7995770886,SSW,7.68399475e-06,107.7446716,4597.701149
ERF_Log_File_20250226_1857,1424657813,2d,0,1,0.004435253065,0.004297389141,3,2.84465,0,0,-2,6.875,2.175,2.2,7.160001746,7.425751054e-06,597.280064,0.7995770886,SSW,7.304124852e-06,106.2201937,4597.701149
ERF_Log_File_20250226_1857,1424657833,2d,0,1,0.008232711958,0.003309032525,3,2.843930286,0,0,-2,7.5,2.175,2.2,7.762087348,1.37836711e-05,597.280064,0.7995770886,SSW,7.3958745e-06,104.9314172,4597.701149
ERF_Log_File_20250226_1857,1424657853,2d,0,1,0.008077783678,0.004998040418,3,2.842953714,0,0,-2,8.125,2.175,2.2,8.367533986,1.352428143e-05,597.280064,0.7995770886,SSW,7.391083338e-06,103.828651,4597.701149
ERF_Log_File_20250226_1857,1424657889,2d,0,1,0.01990148745,0.003981394003,3,2.845412286,0,0,-1,-8.125,2.175,2.2,8.186307165,3.332019374e-05,597.280064,0.7995770886,SSW,7.99393933e-06,-97.01650174,4597.701149
ERF_Log_File_20250226_1857,1424657910,2d,0,1,0.006996652563,0.004417543751,3,2.844913429,0,0,-1,-7.5,2.175,2.2,7.566372975,1.171419069e-05,597.280064,0.7995770886,SSW,7.360108137e-06,-97.59464337,4597.701149
ERF_Log_File_20250226_1857,1424657930,2d,0,1,0.01374840482,0.00371344746,3,2.844775429,0,0,-1,-6.875,2.175,2.2,6.947346616,2.301835545e-05,597.280064,0.7995770886,SSW,7.622212255e-06,-98.27589283,4597.701149
ERF_Log_File_20250226_1857,1424657950,2d,0,1,0.01940699875,0.006157431632,3,2.844359429,0,0,-1,-6.25,2.175,2.2,6.329494451,3.249229285e-05,597.280064,0.7995770886,SSW,7.959780537e-06,-99.09027692,4597.701149
ERF_Log_File_20250226_1857,1424657971,2d,0,1,0.02064361189,0.004166781561,3,2.844374286,0,0,-1,-5.625,2.175,2.2,5.713197441,3.456270036e-05,597.280064,0.7995770886,SSW,8.046531341e-06,-100.080598,4597.701149
ERF_Log_File_20250226_1857,1424657991,2d,0,1,0.02773376252,0.002986500801,3,2.844215429,0,0,-1,-5,2.175,2.2,5.099019514,4.643343079e-05,597.280064,0.7995770886,SSW,8.623411279e-06,-101.3099325,4597.701149
ERF_Log_File_20250226_1857,1424658011,2d,0,1,0.02877817299,0.004044349336,3,2.843680286,0,0,-1,-4.375,2.175,2.2,4.487830768,4.818204177e-05,597.280064,0.7995770886,SSW,8.718828771e-06,-102.8750016,4597.701149
ERF_Log_File_20250226_1857,1424658032,2d,0,1,0.05484195091,0.001698276557,3,2.844139429,0,0,-1,-3.75,2.175,2.2,3.881043674,9.181949008e-05,597.280064,0.7995770886,SSW,1.170991118e-05,-104.9314172,4597.701149
ERF_Log_File_20250226_1857,1424658052,2d,0,1,0.1128039502,0.004576978106,3,2.842547714,0,0,-1,-3.125,2.175,2.2,3.281101187,0.0001888627412,597.280064,0.7995770886,SSW,2.023744046e-05,-107.7446716,4597.701149
ERF_Log_File_20250226_1857,1424658072,2d,0,1,0.1639090236,0.003377179159,3,2.844911143,0,0,-1,-2.5,2.175,2.2,2.692582404,0.00027442574,597.280064,0.7995770886,SSW,2.839064201e-05,-111.8014095,4597.701149
ERF_Log_File_20250226_1857,1424658093,2d,0,1,0.2699662617,0.003715862207,3,2.844479714,0,0,-1,-1.875,2.175,2.2,2.125,0.0004519927551,597.280064,0.7995770886,SSW,4.578361446e-05,-118.0724869,4597.701149
ERF_Log_File_20250226_1857,1424658215,2d,0,1,0.2852826423,0.004321563128,3,2.847153714,0,0,-1,1.875,2.175,2.2,2.125,0.0004776363042,597.280064,0.7995770886,SSW,4.831740845e-05,118.0724869,4597.701149
ERF_Log_File_20250226_1857,1424658235,2d,0,1,0.1527312062,0.00324028838,3,2.847495143,0,0,-1,2.5,2.175,2.2,2.692582404,0.0002557112072,597.280064,0.7995770886,SSW,2.658567511e-05,111.8014095,4597.701149
ERF_Log_File_20250226_1857,1424658255,2d,0,1,0.1078667706,0.002599510987,3,2.845804571,0,0,-1,3.125,2.175,2.2,3.281101187,0.0001805966365,597.280064,0.7995770886,SSW,1.946814384e-05,107.7446716,4597.701149
ERF_Log_File_20250226_1857,1424658276,2d,0,1,0.05113646283,0.003088164625,3,2.847519714,0,0,-1,3.75,2.175,2.2,3.881043674,8.561555276e-05,597.280064,0.7995770886,SSW,1.122996386e-05,104.9314172,4597.701149
ERF_Log_File_20250226_1857,1424658296,2d,0,1,0.03381414734,0.002705722913,3,2.847805143,0,0,-1,4.375,2.175,2.2,4.487830768,5.66135543e-05,597.280064,0.7995770886,SSW,9.211699758e-06,102.8750016,4597.701149
ERF_Log_File_20250226_1857,1424658316,2d,0,1,0.02889545582,0.006044600164,3,2.847910286,0,0,-1,5,2.175,2.2,5.099019514,4.83784033e-05,597.280064,0.7995770886,SSW,8.729697399e-06,101.3099325,4597.701149
ERF_Log_File_20250226_1857,1424658337,2d,0,1,0.02205537407,0.005372211589,3,2.848696,0,0,-1,5.625,2.175,2.2,5.713197441,3.692635231e-05,597.280064,0.7995770886,SSW,8.150872458e-06,100.080598,4597.701149
ERF_Log_File_20250226_1857,1424658357,2d,0,1,0.01822038788,0.00497480038,3,2.847478,0,0,-1,6.25,2.175,2.2,6.329494451,3.050560193e-05,597.280064,0.7995770886,SSW,7.880755577e-06,99.09027692,4597.701149
ERF_Log_File_20250226_1857,1424658378,2d,0,1,0.0145032093,0.002283418973,3,2.847212286,0,0,-1,6.875,2.175,2.2,6.947346616,2.428209172e-05,597.280064,0.7995770886,SSW,7.661330151e-06,98.27589283,4597.701149
ERF_Log_File_20250226_1857,1424658398,2d,0,1,0.005861156231,0.002723341983,3,2.847349143,0,0,-1,7.5,2.175,2.2,7.566372975,9.813078627e-06,597.280064,0.7995770886,SSW,7.332248014e-06,97.59464337,4597.701149
ERF_Log_File_20250226_1857,1424658418,2d,0,1,0.007238384254,0.00503196146,3,2.848141143,0,0,-1,8.125,2.175,2.2,8.186307165,1.211891153e-05,597.280064,0.7995770886,SSW,7.366659121e-06,97.01650174,4597.701149
ERF_Log_File_20250226_1857,1424658454,2d,0,1,0.005670279657,0.0044946639,3,2.849848571,0,0,0,-8.125,2.175,2.2,8.125,9.493502292e-06,597.280064,0.7995770886,SSW,7.328038661e-06,-90,4597.701149
ERF_Log_File_20250226_1857,1424658475,2d,0,1,0.006730890849,0.00302156473,3,2.850286,0,0,0,-7.5,2.175,2.2,7.5,1.126923742e-05,597.280064,0.7995770886,SSW,7.353156326e-06,-90,4597.701149
ERF_Log_File_20250226_1857,1424658495,2d,0,1,0.00909766902,0.006049217824,3,2.848912857,0,0,0,-6.875,2.175,2.2,6.875,1.523183104e-05,597.280064,0.7995770886,SSW,7.424232337e-06,-90,4597.701149
ERF_Log_File_20250226_1857,1424658515,2d,0,1,0.01851058686,0.002375876598,3,2.849245143,0,0,0,-6.25,2.175,2.2,6.25,3.099146945e-05,597.280064,0.7995770886,SSW,7.899693431e-06,-90,4597.701149
ERF_Log_File_20250226_1857,1424658536,2d,0,1,0.01973571094,0.002915552674,3,2.84874,0,0,0,-5.625,2.175,2.2,5.625,3.304264135e-05,597.280064,0.7995770886,SSW,7.982408244e-06,-90,4597.701149
ERF_Log_File_20250226_1857,1424658556,2d,0,1,0.02423944546,0.005496501466,3,2.848109143,0,0,0,-5,2.175,2.2,5,4.058304792e-05,597.280064,0.7995770886,SSW,8.322950955e-06,-90,4597.701149
ERF_Log_File_20250226_1857,1424658576,2d,0,1,0.04045550074,0.00663946124,3,2.84874,0,0,0,-4.375,2.175,2.2,4.375,6.773288307e-05,597.280064,0.7995770886,SSW,9.934001182e-06,-90,4597.701149
ERF_Log_File_20250226_1857,1424658597,2d,0,1,0.05203653714,0.004694157532,3,2.848039429,0,0,0,-3.75,2.175,2.2,3.75,8.712250797e-05,597.280064,0.7995770886,SSW,1.134529153e-05,-90,4597.701149
ERF_Log_File_20250226_1857,1424658617,2d,0,1,0.09688615821,0.004826515388,3,2.847914286,0,0,0,-3.125,2.175,2.2,3.125,0.0001622122753,597.280064,0.7995770886,SSW,1.777566037e-05,-90,4597.701149
ERF_Log_File_20250226_1857,1424658637,2d,0,1,0.1491616265,0.006263268432,3,2.849471143,0,0,0,-2.5,2.175,2.2,2.5,0.0002497348154,597.280064,0.7995770886,SSW,2.601125281e-05,-90,4597.701149
ERF_Log_File_20250226_1857,1424658658,2d,0,1,0.3362020701,0.006145109881,3,2.848843714,0,0,0,-1.875,2.175,2.2,1.875,0.0005628884846,597.280064,0.7995770886,SSW,5.676091087e-05,-90,4597.701149
ERF_Log_File_20250226_1857,1424658780,2d,0,1,0.4067725295,0.005893315553,3,2.847924571,0,0,0,1.875,2.175,2.2,1.875,0.0006810415314,597.280064,0.7995770886,SSW,6.84967562e-05,90,4597.701149
ERF_Log_File_20250226_1857,1424658800,2d,0,1,0.1674578612,0.002692960748,3,2.848727429,0,0,0,2.5,2.175,2.2,2.5,0.0002803674043,597.280064,0.7995770886,SSW,2.896546923e-05,90,4597.701149
ERF_Log_File_20250226_1857,1424658820,2d,0,1,0.09725383128,0.005425236976,3,2.847218,0,0,0,3.125,2.175,2.2,3.125,0.0001628278544,597.280064,0.7995770886,SSW,1.783186302e-05,90,4597.701149
ERF_Log_File_20250226_1857,1424658841,2d,0,1,0.05389855594,0.002963880574,3,2.847854571,0,0,0,3.75,2.175,2.2,3.75,9.024000495e-05,597.280064,0.7995770886,SSW,1.158645337e-05,90,4597.701149
ERF_Log_File_20250226_1857,1424658861,2d,0,1,0.04191007301,0.004527743003,3,2.847412857,0,0,0,4.375,2.175,2.2,4.375,7.016821008e-05,597.280064,0.7995770886,SSW,1.010164956e-05,90,4597.701149
ERF_Log_File_20250226_1857,1424658881,2d,0,1,0.02271203999,0.007271382719,3,2.847171714,0,0,0,5,2.175,2.2,5,3.802577946e-05,597.280064,0.7995770886,SSW,8.20127512e-06,90,4597.701149
ERF_Log_File_20250226_1857,1424658902,2d,0,1,0.02462966546,0.002115742876,3,2.846929714,0,0,0,5.625,2.175,2.2,5.625,4.123637628e-05,597.280064,0.7995770886,SSW,8.355007953e-06,90,4597.701149
ERF_Log_File_20250226_1857,1424658922,2d,0,1,0.02306610521,0.003170943307,3,2.846588286,0,0,0,6.25,2.175,2.2,6.25,3.861857544e-05,597.280064,0.7995770886,SSW,8.228933083e-06,90,4597.701149
ERF_Log_File_20250226_1857,1424658943,2d,0,1,0.01252178289,0.002882724827,3,2.845668571,0,0,0,6.875,2.175,2.2,6.875,2.096467578e-05,597.280064,0.7995770886,SSW,7.56271692e-06,90,4597.701149
ERF_Log_File_20250226_1857,1424658963,2d,0,1,0.009794361184,0.002094258495,3,2.845627143,0,0,0,7.5,2.175,2.2,7.5,1.639827239e-05,597.280064,0.7995770886,SSW,7.449042792e-06,90,4597.701149
ERF_Log_File_20250226_1857,1424658983,2d,0,1,0.002597545315,0.004734200664,3,2.846422857,0,0,0,8.125,2.175,2.2,8.125,4.348957e-06,597.280064,0.7995770886,SSW,7.27927822e-06,90,4597.701149
ERF_Log_File_20250226_1857,1424659019,2d,0,1,0.006828699296,0.004692539196,3,2.844617143,0,0,1,-8.125,2.175,2.2,8.186307165,1.143299384e-05,597.280064,0.7995770886,SSW,7.355684263e-06,-82.98349826,4597.701149
ERF_Log_File_20250226_1857,1424659040,2d,0,1,0.004728138055,0.001658546959,3,2.843684286,0,0,1,-7.5,2.175,2.2,7.566372975,7.916115637e-06,597.280064,0.7995770886,SSW,7.309273864e-06,-82.40535663,4597.701149
ERF_Log_File_20250226_1857,1424659060,2d,0,1,0.014098555,0.002949191046,3,2.845942857,0,0,1,-6.875,2.175,2.2,6.947346616,2.360459665e-05,597.280064,0.7995770886,SSW,7.640123794e-06,-81.72410717,4597.701149
ERF_Log_File_20250226_1857,1424659080,2d,0,1,0.01932250964,0.005294796925,3,2.84641,0,0,1,-6.25,2.175,2.2,6.329494451,3.23508364e-05,597.280064,0.7995770886,SSW,7.954015651e-06,-80.90972308,4597.701149
ERF_Log_File_20250226_1857,1424659101,2d,0,1,0.0224678109,0.005472110094,3,2.844169143,0,0,1,-5.625,2.175,2.2,5.713197441,3.761687733e-05,597.280064,0.7995770886,SSW,8.18239291e-06,-79.91940201,4597.701149
ERF_Log_File_20250226_1857,1424659121,2d,0,1,0.02484275709,0.003837283888,3,2.845323714,0,0,1,-5,2.175,2.2,5.099019514,4.159314631e-05,597.280064,0.7995770886,SSW,8.372677097e-06,-78.69006753,4597.701149
ERF_Log_File_20250226_1857,1424659141,2d,0,1,0.03805941736,0.004052892363,3,2.844809714,0,0,1,-4.375,2.175,2.2,4.487830768,6.372122501e-05,597.280064,0.7995770886,SSW,9.664882052e-06,-77.12499844,4597.701149
ERF_Log_File_20250226_1857,1424659162,2d,0,1,0.05008657186,0.002977341225,3,2.844567143,0,0,1,-3.75,2.175,2.2,3.881043674,8.385776602e-05,597.280064,0.7995770886,SSW,1.109651183e-05,-75.06858282,4597.701149
ERF_Log_File_20250226_1857,1424659182,2d,0,1,0.1024649794,0.005421877528,3,2.844423143,0,0,1,-3.125,2.175,2.2,3.281101187,0.0001715526527,597.280064,0.7995770886,SSW,1.863208502e-05,-72.25532837,4597.701149
ERF_Log_File_20250226_1857,1424659202,2d,0,1,0.1518498667,0.004013797109,3,2.843968286,0,0,1,-2.5,2.175,2.2,2.692582404,0.0002542356188,597.280064,0.7995770886,SSW,2.644375269e-05,-68.19859051,4597.701149
ERF_Log_File_20250226_1857,1424659223,2d,0,1,0.2511975983,0.004921241517,3,2.843219429,0,0,1,-1.875,2.175,2.2,2.125,0.0004205691994,597.280064,0.7995770886,SSW,4.268372317e-05,-61.92751306,4597.701149
ERF_Log_File_20250226_1857,1424659345,2d,0,1,0.2845532209,0.003953477397,3,2.842724857,0,0,1,1.875,2.175,2.2,2.125,0.0004764150657,597.280064,0.7995770886,SSW,4.819666616e-05,61.92751306,4597.701149
ERF_Log_File_20250226_1857,1424659365,2d,0,1,0.1513969221,0.002973146493,3,2.843396857,0,0,1,2.5,2.175,2.2,2.692582404,0.0002534772734,597.280064,0.7995770886,SSW,2.637083899e-05,68.19859051,4597.701149
ERF_Log_File_20250226_1857,1424659385,2d,0,1,0.1043927617,0.00418897344,3,2.843958571,0,0,1,3.125,2.175,2.2,3.281101187,0.0001747802547,597.280064,0.7995770886,SSW,1.892973436e-05,72.25532837,4597.701149
ERF_Log_File_20250226_1857,1424659406,2d,0,1,0.05225770509,0.004040035384,3,2.843335714,0,0,1,3.75,2.175,2.2,3.881043674,8.749279984e-05,597.280064,0.7995770886,SSW,1.137375673e-05,75.06858282,4597.701149
ERF_Log_File_20250226_1857,1424659426,2d,0,1,0.03858586288,0.00263146335,3,2.842292,0,0,1,4.375,2.175,2.2,4.487830768,6.460262983e-05,597.280064,0.7995770886,SSW,9.723229938e-06,77.12499844,4597.701149
ERF_Log_File_20250226_1857,1424659447,2d,0,1,0.02851919838,0.004149519373,3,2.843513714,0,0,1,5,2.175,2.2,5.099019514,4.774845186e-05,597.280064,0.7995770886,SSW,8.694938507e-06,78.69006753,4597.701149
ERF_Log_File_20250226_1857,1424659467,2d,0,1,0.02373078346,0.00236330906,3,2.843626,0,0,1,5.625,2.175,2.2,5.713197441,3.973141729e-05,597.280064,0.7995770886,SSW,8.281751472e-06,79.91940201,4597.701149
ERF_Log_File_20250226_1857,1424659487,2d,0,1,0.01985571144,0.003809812907,3,2.844030857,0,0,1,6.25,2.175,2.2,6.329494451,3.324355295e-05,597.280064,0.7995770886,SSW,7.990747268e-06,80.90972308,4597.701149
ERF_Log_File_20250226_1857,1424659508,2d,0,1,0.005337170203,0.003493417317,3,2.844388857,0,0,1,6.875,2.175,2.2,6.947346616,8.935791641e-06,597.280064,0.7995770886,SSW,7.321021108e-06,81.72410717,4597.701149
ERF_Log_File_20250226_1857,1424659528,2d,0,1,0.007667908957,0.005120436787,3,2.843663714,0,0,1,7.5,2.175,2.2,7.566372975,1.283804603e-05,597.280064,0.7995770886,SSW,7.378832758e-06,82.40535663,4597.701149
ERF_Log_File_20250226_1857,1424659548,2d,0,1,0.004491516791,0.002862470141,3,2.843453714,0,0,1,8.125,2.175,2.2,8.186307165,7.519950961e-06,597.280064,0.7995770886,SSW,7.30508872e-06,82.98349826,4597.701149
ERF_Log_File_20250226_1857,1424659584,2d,0,1,0.04457508343,0.005054152587,3,2.843601143,0,0,2,-8.125,2.175,2.2,8.367533986,7.463012097e-05,597.280064,0.7995770886,SSW,1.041658554e-05,-76.17134903,4597.701149
ERF_Log_File_20250226_1857,1424659605,2d,0,1,0.01242182732,0.00783863415,3,2.843594,0,0,2,-7.5,2.175,2.2,7.762087348,2.079732452e-05,597.280064,0.7995770886,SSW,7.558094036e-06,-75.06858282,4597.701149
ERF_Log_File_20250226_1857,1424659625,2d,0,1,0.01227526486,0.00571804913,3,2.845075429,0,0,2,-6.875,2.175,2.2,7.160001746,2.055194138e-05,597.280064,0.7995770886,SSW,7.551377566e-06,-73.7798063,4597.701149
ERF_Log_File_20250226_1857,1424659645,2d,0,1,0.01797506428,0.00420181276,3,2.843993143,0,0,2,-6.25,2.175,2.2,6.562202374,3.009486733e-05,597.280064,0.7995770886,SSW,7.864944803e-06,-72.25532837,4597.701149
ERF_Log_File_20250226_1857,1424659666,2d,0,1,0.02202919138,0.004287168752,3,2.844048857,0,0,2,-5.625,2.175,2.2,5.969976968,3.688251577e-05,597.280064,0.7995770886,SSW,8.148887089e-06,-70.42687417,4597.701149
ERF_Log_File_20250226_1857,1424659686,2d,0,1,0.02194970984,0.004123390962,3,2.844852286,0,0,2,-5,2.175,2.2,5.385164807,3.674944329e-05,597.280064,0.7995770886,SSW,8.142871689e-06,-68.19859051,4597.701149
ERF_Log_File_20250226_1857,1424659706,2d,0,1,0.03267228238,0.005624573569,3,2.843874286,0,0,2,-4.375,2.175,2.2,4.810470351,5.470177953e-05,597.280064,0.7995770886,SSW,9.095434711e-06,-65.43282868,4597.701149
ERF_Log_File_20250226_1857,1424659727,2d,0,1,0.04414014198,0.004673298391,3,2.844572286,0,0,2,-3.75,2.175,2.2,4.25,7.390191744e-05,597.280064,0.7995770886,SSW,1.03645282e-05,-61.92751306,4597.701149
ERF_Log_File_20250226_1857,1424659747,2d,0,1,0.07014002516,0.00306907683,3,2.843341429,0,0,2,-3.125,2.175,2.2,3.71020552,0.0001174323896,597.280064,0.7995770886,SSW,1.381039819e-05,-57.38075693,4597.701149
ERF_Log_File_20250226_1857,1424659767,2d,0,1,0.1213100945,0.003373312041,3,2.844896,0,0,2,-2.5,2.175,2.2,3.201562119,0.0002031042082,597.280064,0.7995770886,SSW,2.157280334e-05,-51.34019175,4597.701149
ERF_Log_File_20250226_1857,1424659788,2d,0,1,0.1572833657,0.003229444491,3,2.844470571,0,0,2,-1.875,2.175,2.2,2.741464025,0.0002633326895,597.280064,0.7995770886,SSW,2.731966415e-05,-43.15238973,4597.701149
ERF_Log_File_20250226_1857,1424659808,2d,0,1,0.2127071703,0.006414440942,3,2.842912857,0,0,2,-1.25,2.175,2.2,2.358495283,0.000356126352,597.280064,0.7995770886,SSW,3.634949511e-05,-32.00538321,4597.701149
ERF_Log_File_20250226_1857,1424659889,2d,0,1,0.2141072257,0.004079202176,3,2.845424,0,0,2,1.25,2.175,2.2,2.358495283,0.0003584704037,597.280064,0.7995770886,SSW,3.657921971e-05,32.00538321,4597.701149
ERF_Log_File_20250226_1857,1424659910,2d,0,1,0.1614280428,0.004469911841,3,2.845334286,0,0,2,1.875,2.175,2.2,2.741464025,0.0002702719419,597.280064,0.7995770886,SSW,2.798926325e-05,43.15238973,4597.701149
ERF_Log_File_20250226_1857,1424659930,2d,0,1,0.1159281472,0.00286517129,3,2.845811714,0,0,2,2.5,2.175,2.2,3.201562119,0.0001940934482,597.280064,0.7995770886,SSW,2.072652654e-05,51.34019175,4597.701149
ERF_Log_File_20250226_1857,1424659950,2d,0,1,0.06840722773,0.006308984727,3,2.845193714,0,0,2,3.125,2.175,2.2,3.71020552,0.0001145312423,597.280064,0.7995770886,SSW,1.356452305e-05,57.38075693,4597.701149
ERF_Log_File_20250226_1857,1424659971,2d,0,1,0.04886844485,0.004713791165,3,2.845517714,0,0,2,3.75,2.175,2.2,4.25,8.181830901e-05,597.280064,0.7995770886,SSW,1.09431749e-05,61.92751306,4597.701149
ERF_Log_File_20250226_1857,1424659991,2d,0,1,0.03636505064,0.002407245437,3,2.848527429,0,0,2,4.375,2.175,2.2,4.810470351,6.088442061e-05,597.280064,0.7995770886,SSW,9.480215882e-06,65.43282868,4597.701149
ERF_Log_File_20250226_1857,1424660011,2d,0,1,0.02783598371,0.002527308639,3,2.846753429,0,0,2,5,2.175,2.2,5.385164807,4.660457528e-05,597.280064,0.7995770886,SSW,8.632640387e-06,68.19859051,4597.701149
ERF_Log_File_20250226_1857,1424660032,2d,0,1,0.02614653234,0.002747606006,3,2.847028,0,0,2,5.625,2.175,2.2,5.969976968,4.377600043e-05,597.280064,0.7995770886,SSW,8.483250537e-06,70.42687417,4597.701149
ERF_Log_File_20250226_1857,1424660052,2d,0,1,0.01873558195,0.005733247656,3,2.848935429,0,0,2,6.25,2.175,2.2,6.562202374,3.136816894e-05,597.280064,0.7995770886,SSW,7.914550324e-06,72.25532837,4597.701149
ERF_Log_File_20250226_1857,1424660072,2d,0,1,0.01109905391,0.004617775824,3,2.848636,0,0,2,6.875,2.175,2.2,7.160001746,1.85826626e-05,597.280064,0.7995770886,SSW,7.50016637e-06,73.7798063,4597.701149
ERF_Log_File_20250226_1857,1424660093,2d,0,1,0.006413209447,0.003987221003,3,2.847734286,0,0,2,7.5,2.175,2.2,7.762087348,1.073735728e-05,597.280064,0.7995770886,SSW,7.345191507e-06,75.06858282,4597.701149
ERF_Log_File_20250226_1857,1424660113,2d,0,1,0.00701044547,0.003697167956,3,2.847533429,0,0,2,8.125,2.175,2.2,8.367533986,1.173728355e-05,597.280064,0.7995770886,SSW,7.360476097e-06,76.17134903,4597.701149
ERF_Log_File_20250226_1857,1424660149,2d,0,1,0.01494876257,0.004254734233,3,2.849244286,0,0,3,-8.125,2.175,2.2,8.661156101,2.502806216e-05,597.280064,0.7995770886,SSW,7.685303168e-06,-69.73430253,4597.701149
ERF_Log_File_20250226_1857,1424660169,2d,0,1,0.007647934294,0.004514193725,3,2.848981714,0,0,3,-7.5,2.175,2.2,8.077747211,1.280460332e-05,597.280064,0.7995770886,SSW,7.378251536e-06,-68.19859051,4597.701149
ERF_Log_File_20250226_1857,1424660190,2d,0,1,0.009588664559,0.00356798326,3,2.849212571,0,0,3,-6.875,2.175,2.2,7.501041594,1.605388349e-05,597.280064,0.7995770886,SSW,7.441535921e-06,-66.4252938,4597.701149
ERF_Log_File_20250226_1857,1424660210,2d,0,1,0.01652806811,0.005200226328,3,2.849220571,0,0,3,-6.25,2.175,2.2,6.932712312,2.767222464e-05,597.280064,0.7995770886,SSW,7.775449551e-06,-64.35899418,4597.701149
ERF_Log_File_20250226_1857,1424660231,2d,0,1,0.01941288888,0.003277322266,3,2.849005714,0,0,3,-5.625,2.175,2.2,6.375,3.250215444e-05,597.280064,0.7995770886,SSW,7.960183216e-06,-61.92751306,4597.701149
ERF_Log_File_20250226_1857,1424660251,2d,0,1,0.02594684878,0.003980781562,3,2.850337143,0,0,3,-5,2.175,2.2,5.830951895,4.344167895e-05,597.280064,0.7995770886,SSW,8.466043939e-06,-59.03624347,4597.701149
ERF_Log_File_20250226_1857,1424660272,2d,0,1,0.02808148194,0.004343044104,3,2.849748,0,0,3,-4.375,2.175,2.2,5.304773793,4.701560229e-05,597.280064,0.7995770886,SSW,8.654903421e-06,-55.56101069,4597.701149
ERF_Log_File_20250226_1857,1424660292,2d,0,1,0.03333090105,0.003071579923,3,2.850078857,0,0,3,-3.75,2.175,2.2,4.802343178,5.580447608e-05,597.280064,0.7995770886,SSW,9.162188583e-06,-51.34019175,4597.701149
ERF_Log_File_20250226_1857,1424660312,2d,0,1,0.04516798644,0.00593065897,3,2.848306571,0,0,3,-3.125,2.175,2.2,4.331930863,7.562279266e-05,597.280064,0.7995770886,SSW,1.048794735e-05,-46.16913933,4597.701149
ERF_Log_File_20250226_1857,1424660333,2d,0,1,0.05336275641,0.005992850863,3,2.850125143,0,0,3,-2.5,2.175,2.2,3.905124838,8.934293913e-05,597.280064,0.7995770886,SSW,1.151671116e-05,-39.80557109,4597.701149
ERF_Log_File_20250226_1857,1424660353,2d,0,1,0.07225690886,0.005640853596,3,2.850289429,0,0,3,-1.875,2.175,2.2,3.537742925,0.0001209765958,597.280064,0.7995770886,SSW,1.41130549e-05,-32.00538321,4597.701149
ERF_Log_File_20250226_1857,1424660373,2d,0,1,0.1332207937,0.006890573808,3,2.850349429,0,0,3,-1.25,2.175,2.2,3.25,0.0002230457732,597.280064,0.7995770886,SSW,2.34602227e-05,-22.61986495,4597.701149
ERF_Log_File_20250226_1857,1424660394,2d,0,1,0.1452295487,0.004384337801,3,2.850002286,0,0,3,-0.625,2.175,2.2,3.064412668,0.0002431515087,597.280064,0.7995770886,SSW,2.537974072e-05,-11.76828893,4597.701149
ERF_Log_File_20250226_1857,1424660414,2d,0,1,0.1895331385,0.004619003143,3,2.849602571,0,0,3,0,2.175,2.2,3,0.0003173270798,597.280064,0.7995770886,SSW,3.255678021e-05,0,4597.701149
ERF_Log_File_20250226_1857,1424660434,2d,0,1,0.1588267484,0.004427616822,3,2.849096571,0,0,3,0.625,2.175,2.2,3.064412668,0.000265916708,597.280064,0.7995770886,SSW,2.756886654e-05,11.76828893,4597.701149
ERF_Log_File_20250226_1857,1424660455,2d,0,1,0.1175583809,0.006693925035,3,2.849322857,0,0,3,1.25,2.175,2.2,3.25,0.0001968228775,597.280064,0.7995770886,SSW,2.098238784e-05,22.61986495,4597.701149
ERF_Log_File_20250226_1857,1424660475,2d,0,1,0.06713346194,0.003332617435,3,2.850498571,0,0,3,1.875,2.175,2.2,3.537742925,0.0001123986317,597.280064,0.7995770886,SSW,1.33849127e-05,32.00538321,4597.701149
ERF_Log_File_20250226_1857,1424660495,2d,0,1,0.04930311296,0.006162615178,3,2.849228571,0,0,3,2.5,2.175,2.2,3.905124838,8.25460549e-05,597.280064,0.7995770886,SSW,1.099770186e-05,39.80557109,4597.701149
ERF_Log_File_20250226_1857,1424660516,2d,0,1,0.03822669555,0.002114986839,3,2.849562,0,0,3,3.125,2.175,2.2,4.331930863,6.400129161e-05,597.280064,0.7995770886,SSW,9.68337324e-06,46.16913933,4597.701149
ERF_Log_File_20250226_1857,1424660536,2d,0,1,0.03635035267,0.004413461952,3,2.848779143,0,0,3,3.75,2.175,2.2,4.802343178,6.085981244e-05,597.280064,0.7995770886,SSW,9.478635385e-06,51.34019175,4597.701149
ERF_Log_File_20250226_1857,1424660556,2d,0,1,0.03217049023,0.005485911829,3,2.849107429,0,0,3,4.375,2.175,2.2,5.304773793,5.386165078e-05,597.280064,0.7995770886,SSW,9.045147679e-06,55.56101069,4597.701149
ERF_Log_File_20250226_1857,1424660577,2d,0,1,0.03754401589,0.006065610696,3,2.850372,0,0,3,5,2.175,2.2,5.830951895,6.285831078e-05,597.280064,0.7995770886,SSW,9.608198401e-06,59.03624347,4597.701149
ERF_Log_File_20250226_1857,1424660597,2d,0,1,0.02057165341,0.005021426383,3,2.850103429,0,0,3,5.625,2.175,2.2,6.375,3.444222341e-05,597.280064,0.7995770886,SSW,8.041362863e-06,61.92751306,4597.701149
ERF_Log_File_20250226_1857,1424660617,2d,0,1,0.01478123175,0.003756471533,3,2.849388286,0,0,3,6.25,2.175,2.2,6.932712312,2.474757261e-05,597.280064,0.7995770886,SSW,7.676212888e-06,64.35899418,4597.701149
ERF_Log_File_20250226_1857,1424660638,2d,0,1,0.01277073498,0.003154341801,3,2.849843143,0,0,3,6.875,2.175,2.2,7.501041594,2.138148541e-05,597.280064,0.7995770886,SSW,7.574379296e-06,66.4252938,4597.701149
ERF_Log_File_20250226_1857,1424660658,2d,0,1,0.007368065984,0.004702905808,3,2.848614857,0,0,3,7.5,2.175,2.2,8.077747211,1.2336032e-05,597.280064,0.7995770886,SSW,7.370262737e-06,68.19859051,4597.701149
ERF_Log_File_20250226_1857,1424660678,2d,0,1,0.01044930754,0.001880194422,3,2.849535714,0,0,3,8.125,2.175,2.2,8.661156101,1.749482055e-05,597.280064,0.7995770886,SSW,7.473952048e-06,69.73430253,4597.701149
ERF_Log_File_20250226_2105,1424664392,1d,0,1,0.001931894177,0.003583579409,23,2.847384383,0,0,0,-10,2.175,2.2,10,3.448723158e-06,560.1766474,0.09669828494,SSW,7.755228091e-06,-90,4597.701149
ERF_Log_File_20250226_2105,1424664493,1d,0,1,0.008344810269,0.004206606998,23,2.846861064,0,0,0,-9,2.175,2.2,9,1.489674785e-05,560.1766474,0.09669828494,SSW,7.889471658e-06,-90,4597.701149
ERF_Log_File_20250226_2105,1424664594,1d,0,1,0.005295372799,0.004690685978,23,2.844550426,0,0,0,-8,2.175,2.2,8,9.45304097e-06,560.1766474,0.09669828494,SSW,7.805013002e-06,-90,4597.701149
ERF_Log_File_20250226_2105,1424664695,1d,0,1,0.01081883475,0.005056123431,23,2.841643745,0,0,0,-7,2.175,2.2,7,1.931325556e-05,560.1766474,0.09669828494,SSW,7.984651213e-06,-90,4597.701149
ERF_Log_File_20250226_2105,1424664784,1d,0,1,0.01916182024,0.005252866577,17,2.842018571,0,0,0,-6,2.175,2.2,6,3.420674591e-05,560.1766474,0.09669828494,SSW,8.469101192e-06,-90,4597.701149
ERF_Log_File_20250226_2105,1424664845,1d,0,1,0.02863312856,0.004182220179,9,2.842048105,0,0,0,-5,2.175,2.2,5,5.111446308e-05,560.1766474,0.09669828494,SSW,9.281787903e-06,-90,4597.701149
ERF_Log_File_20250226_2105,1424664882,1d,0,1,0.04806157902,0.004477671092,5,2.840971455,0,0,0,-4,2.175,2.2,4,8.579718422e-05,560.1766474,0.09669828494,SSW,1.156012167e-05,-90,4597.701149
ERF_Log_File_20250226_2105,1424664906,1d,0,1,0.105423513,0.005256392765,3,2.840424286,0,0,0,-3,2.175,2.2,3,0.0001881969081,560.1766474,0.09669828494,SSW,2.035206238e-05,-90,4597.701149
ERF_Log_File_20250226_2105,1424664927,1d,0,1,0.1478354614,0.006196888063,3,2.841274286,0,0,0,-2.5,2.175,2.2,2.5,0.0002639086476,560.1766474,0.09669828494,SSW,2.750462585e-05,-90,4597.701149
ERF_Log_File_20250226_2105,1424664947,1d,0,1,0.267171509,0.006079496063,3,2.840506,0,0,0,-2,2.175,2.2,2,0.0004769415331,560.1766474,0.09669828494,SSW,4.831939221e-05,-90,4597.701149
ERF_Log_File_20250226_2105,1424665108,1d,0,1,0.3252556,0.003530794026,3,2.843121714,0,0,0,2,2.175,2.2,2,0.0005806304162,560.1766474,0.09669828494,SSW,5.857773872e-05,90,4597.701149
ERF_Log_File_20250226_2105,1424665128,1d,0,1,0.1681661082,0.003465262747,3,2.842331714,0,0,0,2.5,2.175,2.2,2.5,0.0003002019256,560.1766474,0.09669828494,SSW,3.100385899e-05,90,4597.701149
ERF_Log_File_20250226_2105,1424665149,1d,0,1,0.1037243001,0.00635336237,3,2.842102,0,0,0,3,2.175,2.2,3,0.0001851635561,560.1766474,0.09669828494,SSW,2.007189758e-05,90,4597.701149
ERF_Log_File_20250226_2105,1424665173,1d,0,1,0.04260600281,0.003898962046,5,2.843803455,0,0,0,4,2.175,2.2,4,7.605815596e-05,560.1766474,0.09669828494,SSW,1.08569438e-05,90,4597.701149
ERF_Log_File_20250226_2105,1424665210,1d,0,1,0.03024668087,0.004324672674,9,2.842822632,0,0,0,5,2.175,2.2,5,5.399489787e-05,560.1766474,0.09669828494,SSW,9.443474059e-06,90,4597.701149
ERF_Log_File_20250226_2105,1424665271,1d,0,1,0.02104786669,0.00361390798,17,2.8433336,0,0,0,6,2.175,2.2,6,3.757362393e-05,560.1766474,0.09669828494,SSW,8.610600426e-06,90,4597.701149
ERF_Log_File_20250226_2105,1424665360,1d,0,1,0.01193515809,0.00424696259,23,2.843759404,0,0,0,7,2.175,2.2,7,2.130606147e-05,560.1766474,0.09669828494,SSW,8.035180244e-06,90,4597.701149
ERF_Log_File_20250226_2105,1424665461,1d,0,1,0.006570959647,0.004479804101,23,2.844106638,0,0,0,8,2.175,2.2,8,1.173015633e-05,560.1766474,0.09669828494,SSW,7.835853192e-06,90,4597.701149
ERF_Log_File_20250226_2105,1424665563,1d,0,1,0.009179044395,0.005403668162,23,2.846355362,0,0,0,9,2.175,2.2,9,1.638598188e-05,560.1766474,0.09669828494,SSW,7.91894169e-06,90,4597.701149
ERF_Log_File_20250226_2105,1424665664,1d,0,1,0.007348074404,0.005700559296,23,2.848325021,0,0,0,10,2.175,2.2,10,1.311742365e-05,560.1766474,0.09669828494,SSW,7.857817676e-06,90,4597.701149
ERF_Log_File_20250226_1607,1424646510,1d,0,1,0.003768269186,0.006321639101,23,3.764001234,0,0,0,-10,2.376,2.4,10,1.886088213e-05,199.792839,0.1660709397,SSW,2.180423337e-05,-90,4208.754209
ERF_Log_File_20250226_1607,1424646611,1d,0,1,0.005119129919,0.003517261201,23,3.761989362,0,0,0,-9,2.376,2.4,9,2.562218919e-05,199.792839,0.1660709397,SSW,2.187309849e-05,-90,4208.754209
ERF_Log_File_20250226_1607,1424646712,1d,0,1,-0.001304028547,0.00441671624,23,3.760834043,0,0,0,-8,2.376,2.4,8,-6.526903336e-06,199.792839,0.1660709397,SSW,2.173230435e-05,-90,4208.754209
ERF_Log_File_20250226_1607,1424646813,1d,0,1,0.003166110645,0.0057048133,23,3.759432426,0,0,0,-7,2.376,2.4,7,1.584696759e-05,199.792839,0.1660709397,SSW,2.178023085e-05,-90,4208.754209
ERF_Log_File_20250226_1607,1424646902,1d,0,1,0.008409470155,0.003614371833,17,3.758198571,0,0,0,-6,2.376,2.4,6,4.20909488e-05,199.792839,0.1660709397,SSW,2.212656146e-05,-90,4208.754209
ERF_Log_File_20250226_1607,1424646963,1d,0,1,0.002258893799,0.00716165465,9,3.757150211,0,0,0,-5,2.376,2.4,5,1.130618e-05,199.792839,0.1660709397,SSW,2.175190575e-05,-90,4208.754209
ERF_Log_File_20250226_1607,1424647000,1d,0,1,0.01928949845,0.002643813239,5,3.757633636,0,0,0,-4,2.376,2.4,4,9.654749664e-05,199.792839,0.1660709397,SSW,2.37715723e-05,-90,4208.754209
ERF_Log_File_20250226_1607,1424647025,1d,0,1,0.03850697064,0.004105190331,3,3.756870857,0,0,0,-3,2.376,2.4,3,0.0001927344886,199.792839,0.1660709397,SSW,2.904063558e-05,-90,4208.754209
ERF_Log_File_20250226_1607,1424647045,1d,0,1,0.05544960399,0.004309948452,3,3.758406,0,0,0,-2.5,2.376,2.4,2.5,0.0002775354927,199.792839,0.1660709397,SSW,3.524457028e-05,-90,4208.754209
ERF_Log_File_20250226_1607,1424647065,1d,0,1,0.09420135729,0.004946760639,3,3.757820857,0,0,0,-2,2.376,2.4,2,0.0004714951636,199.792839,0.1660709397,SSW,5.191432854e-05,-90,4208.754209
ERF_Log_File_20250226_1607,1424647227,1d,0,1,0.1163738762,0.003910418461,3,3.75952,0,0,0,2,2.376,2.4,2,0.0005824727092,199.792839,0.1660709397,SSW,6.216788559e-05,90,4208.754209
ERF_Log_File_20250226_1607,1424647247,1d,0,1,0.05425648845,0.003705756684,3,3.760110571,0,0,0,2.5,2.376,2.4,2.5,0.0002715637294,199.792839,0.1660709397,SSW,3.47762356e-05,90,4208.754209
ERF_Log_File_20250226_1607,1424647267,1d,0,1,0.04059527894,0.007980267683,3,3.760298571,0,0,0,3,2.376,2.4,3,0.0002031868567,199.792839,0.1660709397,SSW,2.974465549e-05,90,4208.754209
ERF_Log_File_20250226_1607,1424647292,1d,0,1,0.01664266286,0.003411226339,5,3.758959636,0,0,0,4,2.376,2.4,4,8.329959648e-05,199.792839,0.1660709397,SSW,2.326499603e-05,90,4208.754209
ERF_Log_File_20250226_1607,1424647329,1d,0,1,0.008232773541,0.004672121208,9,3.761023474,0,0,0,5,2.376,2.4,5,4.120654966e-05,199.792839,0.1660709397,SSW,2.210990703e-05,90,4208.754209
ERF_Log_File_20250226_1607,1424647390,1d,0,1,0.009087536475,0.004954497966,17,3.760460286,0,0,0,6,2.376,2.4,6,4.548479576e-05,199.792839,0.1660709397,SSW,2.219362778e-05,90,4208.754209
ERF_Log_File_20250226_1607,1424647479,1d,0,1,0.003573214864,0.004908300821,23,3.761566128,0,0,0,7,2.376,2.4,7,1.788459928e-05,199.792839,0.1660709397,SSW,2.179600487e-05,90,4208.754209
ERF_Log_File_20250226_1607,1424647580,1d,0,1,0.0009843522668,0.005272697871,23,3.763414936,0,0,0,8,2.376,2.4,8,4.926864606e-06,199.792839,0.1660709397,SSW,2.172808724e-05,90,4208.754209
ERF_Log_File_20250226_1607,1424647681,1d,0,1,0.00624199683,0.0055936455,23,3.766516894,0,0,0,9,2.376,2.4,9,3.124234513e-05,199.792839,0.1660709397,SSW,2.194603686e-05,90,4208.754209
ERF_Log_File_20250226_1607,1424647782,1d,0,1,0.001483679433,0.005182088501,23,3.767865277,0,0,0,10,2.376,2.4,10,7.426089147e-06,199.792839,0.1660709397,SSW,2.173519092e-05,90,4208.754209
