wavelength_um,loss_10,loss_10_sd,loss_12,loss_12_sd,loss_13,loss_13_sd
0.25,19.2524,1.1237,17.5791,1.0212,14.69,0.864623
0.251505,18.9643,1.0979,17.3665,1.00263,14.6488,0.854467
0.25302,18.6781,1.07233,17.1497,0.983964,14.596,0.843689
0.254543,18.3939,1.04702,16.9292,0.96522,14.532,0.832361
0.256076,18.1117,1.02198,16.7056,0.946406,14.4571,0.820551
0.257618,17.8317,0.99723,16.4793,0.927532,14.3717,0.808327
0.259169,17.554,0.972786,16.2507,0.908611,14.2764,0.795752
0.26073,17.2786,0.948662,16.0203,0.889656,14.1715,0.782883
0.2623,17.0057,0.924872,15.7884,0.870683,14.0576,0.769774
0.263879,16.7353,0.901428,15.5554,0.851705,13.9352,0.756469
0.265468,16.4674,0.878341,15.3217,0.832741,13.8048,0.743008
0.267067,16.2021,0.85562,15.0876,0.813807,13.6669,0.729423
0.268675,15.9396,0.833272,14.8534,0.794921,13.5222,0.71574
0.270293,15.6797,0.811305,14.6195,0.776101,13.371,0.70198
0.27192,15.4226,0.789722,14.3861,0.757368,13.2141,0.68816
0.273558,15.1682,0.768527,14.1534,0.738739,13.0519,0.674294
0.275205,14.9167,0.747723,13.9217,0.720233,12.8849,0.660393
0.276862,14.668,0.72731,13.6912,0.701869,12.7137,0.646465
0.278529,14.4222,0.707289,13.4621,0.683666,12.5387,0.632519
0.280207,14.1792,0.687659,13.2346,0.665641,12.3606,0.618563
0.281894,13.9391,0.66842,13.0088,0.647812,12.1797,0.604604
0.283591,13.702,0.649568,12.7849,0.630195,11.9965,0.590652
0.285299,13.4678,0.631103,12.563,0.612807,11.8114,0.576715
0.287017,13.2364,0.613022,12.3431,0.595661,11.6249,0.562803
0.288745,13.0081,0.595322,12.1256,0.578772,11.4374,0.548927
0.290484,12.7826,0.578001,11.9103,0.562153,11.2491,0.535099
0.292233,12.5601,0.561055,11.6974,0.545816,11.0606,0.521331
0.293993,12.3406,0.54448,11.487,0.529771,10.8719,0.507637
0.295763,12.124,0.528274,11.2791,0.514028,10.6836,0.494029
0.297544,11.9103,0.512434,11.0738,0.498595,10.4958,0.480523
0.299336,11.6995,0.496955,10.8711,0.483477,10.3088,0.467132
0.301138,11.4917,0.481834,10.6711,0.468681,10.1228,0.453871
0.302951,11.2868,0.467067,10.4737,0.45421,9.93805,0.440755
0.304776,11.0848,0.45265,10.2791,0.440065,9.75471,0.427797
0.306611,10.8857,0.43858,10.0871,0.426248,9.57296,0.415011
0.308457,10.6895,0.424853,9.89795,0.412759,9.39295,0.402411
0.310314,10.4962,0.411464,9.71151,0.399596,9.2148,0.390009
0.312183,10.3058,0.39841,9.52783,0.386758,9.03864,0.377818
0.314063,10.1183,0.385686,9.3469,0.374242,8.86457,0.365848
0.315954,9.93357,0.373289,9.16873,0.362045,8.69267,0.354109
0.317856,9.75172,0.361214,8.99332,0.350163,8.52303,0.342612
0.31977,9.57269,0.349457,8.82066,0.338594,8.3557,0.331365
0.321696,9.39647,0.338014,8.65074,0.327332,8.19074,0.320374
0.323633,9.22305,0.326879,8.48354,0.316375,8.0282,0.309646
0.325582,9.05241,0.31605,8.31907,0.305718,7.8681,0.299185
0.327542,8.88454,0.305522,8.15731,0.295357,7.71048,0.288994
0.329515,8.71941,0.29529,7.99824,0.285288,7.55536,0.279074
0.331499,8.55701,0.28535,7.84185,0.275505,7.40275,0.269428
0.333495,8.39732,0.275697,7.68813,0.266006,7.25267,0.260053
0.335503,8.24032,0.266328,7.53704,0.256786,7.10511,0.250948
0.337523,8.08599,0.257236,7.38859,0.24784,6.96007,0.242111
0.339556,7.93432,0.248419,7.24274,0.239163,6.81756,0.233539
0.3416,7.78527,0.239872,7.09948,0.230753,6.67756,0.225228
0.343657,7.63884,0.231589,6.95878,0.222603,6.54007,0.217175
0.345727,7.49499,0.223567,6.82064,0.21471,6.40507,0.209376
0.347808,7.3537,0.215801,6.68501,0.20707,6.27255,0.201826
0.349903,7.21496,0.208287,6.55189,0.199677,6.14249,0.194521
0.35201,7.07874,0.20102,6.42125,0.192529,6.01488,0.187458
0.354129,6.94501,0.193995,6.29307,0.185619,5.88969,0.180631
0.356262,6.81375,0.187209,6.16731,0.178944,5.76691,0.174037
0.358407,6.68494,0.180656,6.04397,0.1725,5.64651,0.167671
0.360565,6.55855,0.174332,5.923,0.166282,5.52847,0.161528
0.362736,6.43455,0.168233,5.8044,0.160285,5.41277,0.155605
0.364921,6.31293,0.162354,5.68813,0.154506,5.29938,0.149897
0.367118,6.19365,0.156691,5.57416,0.148939,5.18828,0.1444
0.369329,6.07669,0.15124,5.46247,0.143582,5.07944,0.13911
0.371552,5.96201,0.145995,5.35304,0.138428,4.97284,0.134021
0.37379,5.84961,0.140953,5.24584,0.133475,4.86845,0.129131
0.376041,5.73944,0.136109,5.14084,0.128717,4.76624,0.124434
0.378305,5.63148,0.131459,5.03801,0.124151,4.6662,0.119927
0.380583,5.5257,0.126998,4.93733,0.119771,4.56828,0.115605
0.382875,5.42208,0.122722,4.83876,0.115574,4.47246,0.111464
0.38518,5.32058,0.118626,4.74229,0.111556,4.37872,0.107499
0.387499,5.22118,0.114707,4.64787,0.107711,4.28702,0.103707
0.389833,5.12385,0.110959,4.55549,0.104036,4.19735,0.100083
0.39218,5.02856,0.107379,4.46512,0.100527,4.10966,0.0966226
0.394542,4.93528,0.103961,4.37672,0.0971778,4.02394,0.0933216
0.396917,4.84399,0.100702,4.29027,0.0939853,3.94015,0.0901757
0.399307,4.75465,0.0975965,4.20574,0.0909447,3.85826,0.0871803
0.401712,4.66723,0.0946324,4.1231,0.0880433,3.77825,0.0843226
0.404131,4.58171,0.0917944,4.04233,0.0852648,3.70009,0.0815858
0.406564,4.49806,0.0890957,3.96338,0.0826239,3.62375,0.0789853
0.409012,4.41624,0.0865317,3.88624,0.0801158,3.54919,0.0765164
0.411475,4.33624,0.0840975,3.81087,0.0777358,3.47639,0.0741745
0.413953,4.25801,0.0817884,3.73725,0.0754792,3.40533,0.0719548
0.416446,4.18153,0.0795994,3.66535,0.073341,3.33597,0.0698526
0.418953,4.10677,0.0775256,3.59513,0.0713163,3.26828,0.0678628
0.421476,4.03371,0.0755619,3.52657,0.0694001,3.20223,0.0659805
0.424014,3.9623,0.0737033,3.45964,0.0675875,3.1378,0.0642009
0.426567,3.89253,0.0719447,3.39431,0.0658733,3.07496,0.0625188
0.429136,3.82436,0.0702809,3.33056,0.0642525,3.01367,0.0609291
0.43172,3.75777,0.0687068,3.26834,0.0627199,2.95392,0.059427
0.434319,3.69273,0.0672173,3.20764,0.0612706,2.89566,0.0580072
0.436935,3.6292,0.0658073,3.14843,0.0598993,2.83887,0.0566647
0.439566,3.56716,0.0644718,3.09067,0.0586013,2.78353,0.0553947
0.442213,3.50659,0.0632057,3.03434,0.0573714,2.72961,0.0541923
0.444875,3.44744,0.0620044,2.97942,0.0562049,2.67707,0.0530525
0.447554,3.3897,0.0608629,2.92587,0.0550972,2.62589,0.0519708
0.450249,3.33334,0.0597768,2.87366,0.0540436,2.57604,0.0509427
0.45296,3.27833,0.0587417,2.82277,0.0530399,2.5275,0.0499638
0.455688,3.22464,0.0577533,2.77317,0.0520818,2.48024,0.04903
0.458432,3.17224,0.0568076,2.72484,0.0511653,2.43422,0.0481372
0.461192,3.12111,0.0559008,2.67774,0.0502867,2.38943,0.0472818
0.463969,3.07122,0.0550294,2.63185,0.0494424,2.34583,0.0464603
0.466763,3.02255,0.05419,2.58715,0.0486293,2.30341,0.0456693
0.469574,2.97506,0.0533796,2.5436,0.0478441,2.26213,0.0449059
0.472401,2.92874,0.0525953,2.50119,0.0470842,2.22196,0.0441672
0.475246,2.88355,0.0518249,2.45988,0.0463362,2.18289,0.0434393
0.478108,2.83947,0.0510652,2.41965,0.0455968,2.14489,0.0427189
0.480987,2.79648,0.050327,2.38048,0.0448783,2.10793,0.0420191
0.483883,2.75454,0.0496082,2.34234,0.0441786,2.07199,0.0413377
0.486797,2.71365,0.0489069,2.30521,0.0434958,2.03704,0.0406729
0.489728,2.67376,0.0482213,2.26905,0.0428281,2.00305,0.040023
0.492677,2.63486,0.04755,2.23386,0.042174,1.97002,0.0393864
0.495643,2.59693,0.0468916,2.1996,0.0415323,1.9379,0.0387618
0.498628,2.55993,0.046245,2.16625,0.0409018,1.90668,0.0381481
0.50163,2.52385,0.0456093,2.13379,0.0402815,1.87634,0.0375442
0.504651,2.48867,0.0449834,2.1022,0.0396707,1.84685,0.0369495
0.50769,2.45436,0.0443668,2.07145,0.0390685,1.81819,0.0363631
0.510747,2.4209,0.0437589,2.04152,0.0384744,1.79034,0.0357844
0.513822,2.38827,0.0431592,2.01239,0.0378879,1.76327,0.0352131
0.516916,2.35644,0.0425672,1.98404,0.0373088,1.73698,0.0346487
0.520029,2.3254,0.0419828,1.95645,0.0367366,1.71142,0.0340909
0.52316,2.29513,0.0414056,1.92959,0.0361711,1.68659,0.0335394
0.526311,2.2656,0.0408355,1.90346,0.0356123,1.66247,0.0329943
0.52948,2.2368,0.0402723,1.87802,0.03506,1.63903,0.0324553
0.532668,2.20871,0.0397162,1.85326,0.0345142,1.61625,0.0319224
0.535875,2.1813,0.0391669,1.82916,0.0339748,1.59412,0.0313956
0.539102,2.15455,0.0386246,1.80569,0.033442,1.57262,0.0308749
0.542348,2.12846,0.0380893,1.78286,0.0329157,1.55173,0.0303605
0.545614,2.103,0.037561,1.76062,0.0323962,1.53143,0.0298523
0.5489,2.07815,0.03704,1.73897,0.0318834,1.5117,0.0293507
0.552205,2.0539,0.0365263,1.71789,0.0313777,1.49252,0.0288556
0.55553,2.03023,0.0360199,1.69736,0.030879,1.47389,0.0283673
0.558875,2.00712,0.0355211,1.67737,0.0303875,1.45578,0.0278857
0.56224,1.98456,0.03503,1.6579,0.0299033,1.43817,0.0274112
0.565626,1.96253,0.0345467,1.63893,0.0294267,1.42106,0.0269438
0.569032,1.94101,0.0340713,1.62045,0.0289578,1.40442,0.0264837
0.572458,1.91999,0.033604,1.60244,0.0284967,1.38824,0.0260311
0.575905,1.89946,0.033145,1.58489,0.0280437,1.37251,0.0255862
0.579373,1.87939,0.0326943,1.56779,0.0275988,1.3572,0.0251492
0.582862,1.85978,0.0322521,1.55111,0.0271622,1.34232,0.02472
0.586372,1.84062,0.0318185,1.53485,0.0267341,1.32784,0.024299
0.589903,1.82188,0.0313937,1.51899,0.0263145,1.31374,0.0238863
0.593455,1.80356,0.0309777,1.50353,0.0259037,1.30003,0.0234819
0.597028,1.78565,0.0305705,1.48844,0.0255016,1.28667,0.023086
0.600623,1.76812,0.0301726,1.47371,0.0251087,1.27367,0.0226989
0.60424,1.75097,0.0297844,1.45934,0.0247256,1.26101,0.0223214
0.607878,1.73419,0.0294052,1.44531,0.0243514,1.24868,0.0219527
0.611539,1.71776,0.0290352,1.43161,0.0239864,1.23666,0.0215927
0.615221,1.70168,0.0286742,1.41822,0.0236304,1.22495,0.0212416
0.618926,1.68593,0.0283224,1.40515,0.0232836,1.21354,0.0208993
0.622653,1.6705,0.0279798,1.39237,0.022946,1.20241,0.020566
0.626402,1.65539,0.0276463,1.37988,0.0226175,1.19155,0.0202415
0.630174,1.64058,0.0273219,1.36767,0.0222983,1.18096,0.019926
0.633968,1.62606,0.0270066,1.35572,0.0219881,1.17062,0.0196195
0.637786,1.61182,0.0267003,1.34404,0.0216871,1.16053,0.0193219
0.641626,1.59786,0.026403,1.3326,0.0213952,1.15068,0.0190331
0.64549,1.58417,0.0261146,1.3214,0.0211124,1.14105,0.0187532
0.649377,1.57073,0.0258351,1.31044,0.0208385,1.13165,0.0184821
0.653287,1.55754,0.0255643,1.2997,0.0205735,1.12245,0.0182198
0.657221,1.5446,0.0253022,1.28918,0.0203174,1.11346,0.0179661
0.661178,1.53188,0.0250486,1.27887,0.02007,1.10467,0.017721
0.665159,1.5194,0.0248035,1.26876,0.0198312,1.09606,0.0174844
0.669165,1.50713,0.0245667,1.25885,0.019601,1.08764,0.0172563
0.673194,1.49507,0.024338,1.24912,0.0193792,1.07939,0.0170364
0.677248,1.48322,0.0241175,1.23957,0.0191657,1.07131,0.0168247
0.681326,1.47157,0.0239049,1.2302,0.0189603,1.0634,0.0166211
0.685428,1.46011,0.0237,1.221,0.018763,1.05564,0.0164255
0.689556,1.44883,0.0235028,1.21196,0.0185736,1.04803,0.0162377
0.693708,1.43774,0.023313,1.20308,0.0183919,1.04056,0.0160576
0.697885,1.42682,0.0231305,1.19435,0.0182179,1.03324,0.015885
0.702087,1.41607,0.0229552,1.18577,0.0180512,1.02604,0.0157198
0.706315,1.40549,0.0227868,1.17732,0.0178918,1.01898,0.0155619
0.710568,1.39507,0.0226252,1.16902,0.0177396,1.01204,0.015411
0.714847,1.3848,0.0224702,1.16084,0.0175942,1.00522,0.0152671
0.719151,1.37468,0.0223216,1.1528,0.0174556,0.998515,0.01513
0.723482,1.36471,0.0221793,1.14488,0.0173236,0.99192,0.0149994
0.727838,1.35488,0.022043,1.13707,0.017198,0.985432,0.0148753
0.732221,1.34518,0.0219125,1.12938,0.0170786,0.979046,0.0147573
0.73663,1.33562,0.0217878,1.1218,0.0169652,0.972759,0.0146455
0.741066,1.32619,0.0216684,1.11433,0.0168576,0.966567,0.0145396
0.745528,1.31689,0.0215544,1.10697,0.0167557,0.960467,0.0144393
0.750017,1.30771,0.0214455,1.0997,0.0166592,0.954455,0.0143446
0.754533,1.29865,0.0213414,1.09253,0.016568,0.948528,0.0142552
0.759077,1.2897,0.021242,1.08546,0.0164819,0.942683,0.014171
0.763648,1.28087,0.0211471,1.07848,0.0164007,0.936918,0.0140917
0.768246,1.27215,0.0210566,1.07158,0.0163241,0.931229,0.0140173
0.772872,1.26353,0.0209701,1.06478,0.0162521,0.925614,0.0139475
0.777526,1.25502,0.0208876,1.05805,0.0161844,0.920071,0.0138821
0.782208,1.24662,0.0208088,1.05141,0.0161208,0.914597,0.0138209
0.786918,1.23831,0.0207336,1.04484,0.0160611,0.909189,0.0137638
0.791656,1.2301,0.0206617,1.03836,0.0160052,0.903846,0.0137107
0.796423,1.22199,0.020593,1.03194,0.0159529,0.898565,0.0136612
0.801219,1.21397,0.0205273,1.0256,0.0159039,0.893346,0.0136153
0.806044,1.20604,0.0204645,1.01933,0.0158582,0.888185,0.0135727
0.810897,1.1982,0.0204042,1.01313,0.0158155,0.88308,0.0135333
0.81578,1.19045,0.0203465,1.007,0.0157757,0.878032,0.013497
0.820692,1.18278,0.020291,1.00093,0.0157386,0.873037,0.0134635
0.825634,1.1752,0.0202377,0.994928,0.015704,0.868094,0.0134327
0.830606,1.1677,0.0201864,0.988987,0.0156718,0.863202,0.0134045
0.835607,1.16028,0.0201369,0.983107,0.0156418,0.85836,0.0133787
0.840639,1.15294,0.020089,0.977286,0.0156138,0.853566,0.0133551
0.845701,1.14568,0.0200428,0.971525,0.0155878,0.848819,0.0133336
0.850793,1.1385,0.0199979,0.96582,0.0155635,0.844118,0.013314
0.855916,1.13139,0.0199542,0.960172,0.0155409,0.839462,0.0132963
0.86107,1.12436,0.0199118,0.95458,0.0155198,0.83485,0.0132803
0.866255,1.1174,0.0198703,0.949042,0.0155001,0.830281,0.0132659
0.871471,1.11051,0.0198297,0.943557,0.0154816,0.825753,0.0132529
0.876719,1.1037,0.0197899,0.938124,0.0154642,0.821268,0.0132413
0.881998,1.09695,0.0197508,0.932744,0.015448,0.816822,0.0132309
0.887309,1.09028,0.0197123,0.927414,0.0154326,0.812416,0.0132217
0.892652,1.08367,0.0196743,0.922134,0.0154181,0.80805,0.0132135
0.898027,1.07713,0.0196367,0.916904,0.0154043,0.803722,0.0132062
0.903435,1.07066,0.0195995,0.911723,0.0153912,0.799431,0.0131999
0.908875,1.06426,0.0195625,0.90659,0.0153787,0.795178,0.0131944
0.914348,1.05792,0.0195258,0.901504,0.0153668,0.790961,0.0131896
0.919853,1.05164,0.0194891,0.896466,0.0153553,0.786781,0.0131854
0.925392,1.04543,0.0194526,0.891474,0.0153441,0.782637,0.0131818
0.930965,1.03928,0.019416,0.886528,0.0153332,0.778528,0.0131788
0.93657,1.0332,0.0193794,0.881627,0.0153226,0.774453,0.0131762
0.94221,1.02718,0.0193427,0.876772,0.0153122,0.770414,0.0131739
0.947883,1.02122,0.0193059,0.871962,0.015302,0.766408,0.0131721
0.953591,1.01532,0.0192689,0.867196,0.0152918,0.762437,0.0131705
0.959333,1.00949,0.0192317,0.862475,0.0152817,0.758499,0.0131692
0.96511,1.00371,0.0191942,0.857797,0.0152715,0.754595,0.0131681
0.970921,0.997995,0.0191565,0.853162,0.0152614,0.750723,0.0131671
0.976768,0.992339,0.0191185,0.84857,0.0152512,0.746885,0.0131663
0.982649,0.986743,0.0190802,0.844022,0.0152409,0.743079,0.0131656
0.988566,0.981205,0.0190415,0.839516,0.0152305,0.739306,0.013165
0.994519,0.975726,0.0190025,0.835052,0.0152199,0.735565,0.0131644
1.00051,0.970305,0.0189631,0.83063,0.0152092,0.731855,0.0131639
1.00653,0.964941,0.0189234,0.826251,0.0151983,0.728178,0.0131633
1.01259,0.959636,0.0188832,0.821913,0.0151871,0.724533,0.0131627
1.01869,0.954387,0.0188427,0.817616,0.0151757,0.72092,0.013162
1.02482,0.949195,0.0188017,0.813361,0.0151641,0.717337,0.0131612
1.031,0.94406,0.0187603,0.809147,0.0151522,0.713787,0.0131604
1.0372,0.938981,0.0187186,0.804974,0.01514,0.710267,0.0131594
1.04345,0.933958,0.0186763,0.800841,0.0151275,0.706779,0.0131583
1.04973,0.928991,0.0186337,0.79675,0.0151147,0.703323,0.0131571
1.05605,0.924079,0.0185907,0.792699,0.0151016,0.699897,0.0131557
1.06241,0.919222,0.0185472,0.788688,0.0150882,0.696502,0.0131541
1.06881,0.91442,0.0185034,0.784718,0.0150744,0.693138,0.0131523
1.07525,0.909673,0.0184591,0.780787,0.0150603,0.689805,0.0131504
1.08172,0.90498,0.0184144,0.776897,0.0150459,0.686503,0.0131482
1.08823,0.900342,0.0183694,0.773047,0.0150311,0.683231,0.0131458
1.09479,0.895757,0.018324,0.769236,0.0150159,0.679991,0.0131432
1.10138,0.891226,0.0182782,0.765465,0.0150004,0.676781,0.0131404
1.10801,0.886748,0.018232,0.761734,0.0149846,0.673601,0.0131373
1.11468,0.882324,0.0181855,0.758042,0.0149684,0.670452,0.013134
1.1214,0.877952,0.0181387,0.754389,0.0149518,0.667334,0.0131305
1.12815,0.873633,0.0180916,0.750776,0.0149349,0.664246,0.0131266
1.13494,0.869367,0.0180441,0.747202,0.0149176,0.661189,0.0131226
1.14177,0.865153,0.0179964,0.743666,0.0149,0.658162,0.0131182
1.14865,0.860991,0.0179484,0.74017,0.014882,0.655166,0.0131136
1.15557,0.856881,0.0179002,0.736713,0.0148637,0.6522,0.0131087
1.16252,0.852822,0.0178518,0.733294,0.0148451,0.649264,0.0131036
1.16953,0.848815,0.0178031,0.729914,0.0148261,0.646358,0.0130982
1.17657,0.844859,0.0177543,0.726573,0.0148068,0.643483,0.0130925
1.18365,0.840954,0.0177054,0.72327,0.0147873,0.640638,0.0130866
1.19078,0.8371,0.0176563,0.720006,0.0147674,0.637824,0.0130804
1.19795,0.833296,0.0176071,0.716779,0.0147472,0.635039,0.0130739
1.20516,0.829542,0.0175579,0.713591,0.0147267,0.632285,0.0130672
1.21242,0.825839,0.0175086,0.710441,0.014706,0.629561,0.0130602
1.21972,0.822186,0.0174593,0.707329,0.014685,0.626867,0.013053
1.22707,0.818582,0.0174101,0.704255,0.0146637,0.624202,0.0130456
1.23445,0.815027,0.0173609,0.701218,0.0146423,0.621568,0.0130378
1.24189,0.811522,0.0173117,0.698219,0.0146206,0.618964,0.0130299
1.24937,0.808066,0.0172628,0.695258,0.0145987,0.61639,0.0130217
1.25689,0.804658,0.0172139,0.692334,0.0145767,0.613846,0.0130133
1.26446,0.801299,0.0171653,0.689448,0.0145544,0.611331,0.0130047
1.27207,0.797989,0.0171169,0.686599,0.0145321,0.608847,0.012996
1.27973,0.794726,0.0170688,0.683787,0.0145096,0.606392,0.012987
1.28744,0.791512,0.017021,0.681011,0.014487,0.603967,0.0129778
1.29519,0.788345,0.0169736,0.678273,0.0144643,0.601571,0.0129684
1.30299,0.785225,0.0169266,0.675572,0.0144416,0.599205,0.0129589
1.31083,0.782153,0.01688,0.672907,0.0144188,0.596869,0.0129493
1.31873,0.779127,0.016834,0.670279,0.014396,0.594562,0.0129395
1.32667,0.776149,0.0167885,0.667687,0.0143733,0.592285,0.0129296
1.33466,0.773217,0.0167435,0.665132,0.0143505,0.590037,0.0129196
1.34269,0.770331,0.0166992,0.662613,0.0143279,0.587818,0.0129095
1.35078,0.767491,0.0166556,0.66013,0.0143053,0.585629,0.0128993
1.35891,0.764697,0.0166128,0.657683,0.0142828,0.583469,0.0128891
1.3671,0.761949,0.0165707,0.655271,0.0142605,0.581338,0.0128788
1.37533,0.759246,0.0165294,0.652896,0.0142384,0.579236,0.0128685
1.38361,0.756588,0.0164891,0.650556,0.0142165,0.577163,0.0128582
1.39194,0.753975,0.0164497,0.648251,0.0141948,0.575119,0.0128479
1.40032,0.751407,0.0164113,0.645982,0.0141734,0.573104,0.0128377
1.40875,0.748883,0.0163739,0.643748,0.0141523,0.571118,0.0128275
1.41724,0.746404,0.0163377,0.641549,0.0141315,0.56916,0.0128174
1.42577,0.743968,0.0163026,0.639385,0.0141112,0.567232,0.0128073
1.43436,0.741576,0.0162687,0.637255,0.0140912,0.565332,0.0127974
1.44299,0.739228,0.0162361,0.635161,0.0140717,0.56346,0.0127877
1.45168,0.736923,0.0162049,0.633101,0.0140526,0.561617,0.012778
1.46042,0.734661,0.0161749,0.631075,0.0140341,0.559802,0.0127686
1.46922,0.732441,0.0161465,0.629083,0.0140162,0.558015,0.0127594
1.47806,0.730265,0.0161195,0.627126,0.0139988,0.556257,0.0127505
1.48696,0.72813,0.016094,0.625202,0.0139821,0.554527,0.0127418
1.49592,0.726038,0.0160701,0.623313,0.013966,0.552825,0.0127334
1.50493,0.723988,0.0160478,0.621456,0.0139507,0.55115,0.0127253
1.51399,0.721979,0.0160272,0.619634,0.0139361,0.549504,0.0127175
1.5231,0.720011,0.0160084,0.617845,0.0139223,0.547885,0.0127102
1.53228,0.718085,0.0159913,0.616089,0.0139093,0.546294,0.0127032
1.5415,0.7162,0.0159759,0.614366,0.0138971,0.544731,0.0126966
1.55078,0.714355,0.015961,0.612676,0.0138843,0.543195,0.0126887
1.56012,0.712551,0.015948,0.611019,0.0138723,0.541686,0.0126812
1.56952,0.710786,0.0159369,0.609394,0.0138613,0.540205,0.0126742
1.57897,0.709062,0.0159276,0.607802,0.0138512,0.538751,0.0126677
1.58848,0.707378,0.0159203,0.606242,0.0138421,0.537324,0.0126616
1.59804,0.705733,0.015915,0.604715,0.013834,0.535923,0.0126561
1.60766,0.704127,0.0159116,0.603219,0.0138269,0.53455,0.0126512
1.61734,0.70256,0.0159103,0.601755,0.0138209,0.533204,0.0126468
1.62708,0.701032,0.0159111,0.600323,0.0138161,0.531884,0.012643
1.63688,0.699542,0.0159139,0.598923,0.0138124,0.530591,0.0126398
1.64674,0.698091,0.0159188,0.597554,0.0138098,0.529325,0.0126373
1.65665,0.696678,0.0159258,0.596216,0.0138085,0.528084,0.0126355
1.66663,0.695302,0.015935,0.594909,0.0138083,0.52687,0.0126343
1.67666,0.693964,0.0159462,0.593633,0.0138095,0.525682,0.0126339
1.68676,0.692664,0.0159597,0.592388,0.0138119,0.524521,0.0126343
1.69692,0.6914,0.0159752,0.591173,0.0138156,0.523385,0.0126354
1.70713,0.690174,0.015993,0.589989,0.0138206,0.522275,0.0126374
1.71741,0.688984,0.0160129,0.588835,0.013827,0.52119,0.0126402
1.72776,0.68783,0.0160349,0.587711,0.0138347,0.520132,0.0126438
1.73816,0.686713,0.0160592,0.586617,0.0138439,0.519098,0.0126483
1.74863,0.685631,0.0160855,0.585553,0.0138544,0.51809,0.0126536
1.75916,0.684585,0.0161141,0.584519,0.0138663,0.517108,0.0126599
1.76975,0.683575,0.0161448,0.583514,0.0138796,0.51615,0.0126671
1.7804,0.6826,0.0161777,0.582538,0.0138943,0.515218,0.0126753
1.79113,0.68166,0.0162127,0.581592,0.0139105,0.514311,0.0126844
1.80191,0.680755,0.0162499,0.580675,0.0139282,0.513428,0.0126945
1.81276,0.679884,0.0162891,0.579786,0.0139473,0.51257,0.0127055
1.82368,0.679047,0.0163305,0.578926,0.0139678,0.511736,0.0127176
1.83466,0.678245,0.016374,0.578095,0.0139899,0.510927,0.0127307
1.84571,0.677476,0.0164196,0.577291,0.0140134,0.510143,0.0127448
1.85682,0.676742,0.0164672,0.576517,0.0140383,0.509382,0.01276
1.868,0.67604,0.016517,0.57577,0.0140648,0.508646,0.0127763
1.87925,0.675372,0.0165687,0.575051,0.0140927,0.507934,0.0127936
1.89056,0.674737,0.0166225,0.574359,0.0141221,0.507245,0.0128119
1.90195,0.674134,0.0166783,0.573695,0.014153,0.50658,0.0128314
1.9134,0.673564,0.0167361,0.573059,0.0141853,0.505939,0.0128519
1.92492,0.673026,0.0167958,0.57245,0.0142192,0.505322,0.0128736
1.93651,0.672521,0.0168575,0.571868,0.0142545,0.504727,0.0128963
1.94817,0.672047,0.0169212,0.571312,0.0142912,0.504156,0.0129202
1.95991,0.671605,0.0169868,0.570784,0.0143294,0.503609,0.0129451
1.97171,0.671194,0.0170543,0.570282,0.0143691,0.503084,0.0129712
1.98358,0.670814,0.0171237,0.569806,0.0144102,0.502582,0.0129984
1.99552,0.670466,0.0171949,0.569357,0.0144528,0.502103,0.0130268
2.00754,0.670148,0.017268,0.568934,0.0144968,0.501646,0.0130562
2.01963,0.669861,0.017343,0.568537,0.0145422,0.501212,0.0130868
2.03179,0.669604,0.0174197,0.568165,0.0145891,0.500801,0.0131185
2.04402,0.669378,0.0174983,0.56782,0.0146374,0.500412,0.0131514
2.05633,0.669181,0.0175786,0.567499,0.0146871,0.500045,0.0131854
2.06871,0.669014,0.0176608,0.567204,0.0147382,0.4997,0.0132205
2.08117,0.668876,0.0177446,0.566934,0.0147907,0.499376,0.0132568
2.0937,0.668768,0.0178302,0.566689,0.0148446,0.499075,0.0132942
2.10631,0.668689,0.0179176,0.566469,0.0148999,0.498796,0.0133327
2.11899,0.668639,0.0180066,0.566274,0.0149566,0.498538,0.0133724
2.13175,0.668618,0.0180973,0.566103,0.0150146,0.498301,0.0134132
2.14459,0.668625,0.0181897,0.565957,0.015074,0.498086,0.0134551
2.1575,0.66866,0.0182838,0.565835,0.0151348,0.497892,0.0134982
2.1705,0.668724,0.0183795,0.565736,0.0151969,0.497719,0.0135424
2.18356,0.668815,0.0184683,0.565662,0.0152499,0.497567,0.0135761
2.19671,0.668934,0.018554,0.565612,0.0152986,0.497436,0.0136045
2.20994,0.669081,0.0186412,0.565585,0.0153485,0.497325,0.0136338
2.22325,0.669255,0.01873,0.565582,0.0153996,0.497236,0.0136641
2.23664,0.669456,0.0188202,0.565601,0.0154519,0.497166,0.0136953
2.2501,0.669684,0.018912,0.565645,0.0155053,0.497117,0.0137274
2.26365,0.669939,0.0190052,0.565711,0.0155599,0.497089,0.0137604
2.27728,0.67022,0.0191,0.5658,0.0156156,0.49708,0.0137944
2.291,0.670528,0.0191962,0.565912,0.0156726,0.497092,0.0138293
2.30479,0.670862,0.0192938,0.566046,0.0157306,0.497123,0.0138651
2.31867,0.671222,0.0193929,0.566203,0.0157899,0.497174,0.0139018
2.33263,0.671608,0.0194935,0.566382,0.0158502,0.497245,0.0139395
2.34668,0.672019,0.0195955,0.566583,0.0159117,0.497335,0.0139781
2.36081,0.672456,0.019699,0.566806,0.0159744,0.497445,0.0140176
2.37502,0.672919,0.0198039,0.567051,0.0160382,0.497574,0.014058
2.38933,0.673406,0.0199102,0.567318,0.0161031,0.497722,0.0140994
2.40371,0.673918,0.0200179,0.567606,0.0161692,0.49789,0.0141417
2.41819,0.674455,0.0201271,0.567916,0.0162364,0.498076,0.0141849
2.43275,0.675017,0.0202376,0.568247,0.0163047,0.498281,0.0142291
2.4474,0.675603,0.0203496,0.568599,0.0163742,0.498505,0.0142741
2.46213,0.676213,0.020463,0.568972,0.0164448,0.498748,0.0143201
2.47696,0.676847,0.0205778,0.569367,0.0165165,0.499009,0.014367
2.49187,0.677505,0.020694,0.569781,0.0165893,0.499288,0.0144149
2.50688,0.678187,0.0208116,0.570217,0.0166633,0.499586,0.0144637
2.52197,0.678893,0.0209306,0.570673,0.0167384,0.499902,0.0145134
2.53716,0.679622,0.021051,0.571149,0.0168146,0.500236,0.014564
2.55244,0.680374,0.0211728,0.571646,0.016892,0.500588,0.0146156
2.56781,0.681149,0.021296,0.572162,0.0169704,0.500958,0.0146681
2.58327,0.681947,0.0214206,0.572699,0.01705,0.501345,0.0147216
2.59883,0.682768,0.0215466,0.573255,0.0171308,0.50175,0.014776
2.61447,0.683611,0.021674,0.573831,0.0172126,0.502173,0.0148313
2.63022,0.684477,0.0218028,0.574427,0.0172956,0.502613,0.0148876
2.64606,0.685366,0.0219329,0.575042,0.0173798,0.50307,0.0149448
2.66199,0.686276,0.0220645,0.575676,0.017465,0.503545,0.0150029
2.67802,0.687209,0.0221975,0.57633,0.0175514,0.504037,0.0150621
2.69414,0.688163,0.0223319,0.577002,0.0176389,0.504546,0.0151221
2.71037,0.689139,0.0224677,0.577694,0.0177276,0.505071,0.0151831
2.72669,0.690136,0.0226049,0.578404,0.0178174,0.505614,0.0152451
2.74311,0.691155,0.0227435,0.579133,0.0179084,0.506173,0.0153081
2.75962,0.692195,0.0228836,0.579881,0.0180005,0.506748,0.015372
2.77624,0.693257,0.023025,0.580647,0.0180937,0.507341,0.0154368
2.79296,0.694339,0.0231679,0.581431,0.0181881,0.507949,0.0155027
2.80978,0.695442,0.0233122,0.582234,0.0182837,0.508574,0.0155695
2.82669,0.696565,0.0234579,0.583054,0.0183804,0.509215,0.0156373
2.84372,0.69771,0.0236051,0.583893,0.0184783,0.509872,0.0157061
2.86084,0.698875,0.0237536,0.58475,0.0185773,0.510545,0.0157758
2.87807,0.70006,0.0239037,0.585624,0.0186775,0.511234,0.0158466
2.8954,0.701265,0.0240552,0.586516,0.0187789,0.511939,0.0159183
2.91283,0.70249,0.0242081,0.587425,0.0188815,0.512659,0.015991
2.93037,0.703735,0.0243625,0.588352,0.0189852,0.513395,0.0160648
2.94802,0.705,0.0245183,0.589296,0.0190902,0.514147,0.0161395
2.96577,0.706285,0.0246756,0.590258,0.0191963,0.514914,0.0162152
2.98363,0.707589,0.0248344,0.591236,0.0193036,0.515696,0.016292
3.00159,0.708912,0.0249946,0.592232,0.0194122,0.516493,0.0163698
3.01967,0.710255,0.0251564,0.593244,0.0195219,0.517306,0.0164486
3.03785,0.711617,0.0253196,0.594273,0.0196328,0.518134,0.0165284
3.05614,0.712998,0.0254843,0.595319,0.019745,0.518976,0.0166092
3.07454,0.714398,0.0256506,0.596382,0.0198584,0.519834,0.0166911
3.09306,0.715816,0.0258183,0.59746,0.019973,0.520706,0.0167741
3.11168,0.717253,0.0259876,0.598556,0.0200888,0.521593,0.016858
3.13042,0.71871,0.0261583,0.599667,0.0202059,0.522495,0.0169431
3.14927,0.720183,0.0263307,0.600795,0.0203242,0.523411,0.0170292
3.16823,0.721676,0.0265045,0.601938,0.0204437,0.524341,0.0171163
3.18731,0.723187,0.0266799,0.603098,0.0205646,0.525286,0.0172045
3.2065,0.724716,0.0268568,0.604274,0.0206867,0.526245,0.0172938
3.22581,0.726263,0.0270353,0.605465,0.02081,0.527218,0.0173842
3.24524,0.727827,0.0272154,0.606672,0.0209346,0.528206,0.0174756
3.26478,0.729411,0.027397,0.607895,0.0210605,0.529207,0.0175682
3.28444,0.731011,0.0275803,0.609133,0.0211877,0.530223,0.0176618
3.30421,0.732628,0.0277651,0.610387,0.0213162,0.531252,0.0177566
3.32411,0.734265,0.0279515,0.611656,0.021446,0.532295,0.0178524
3.34413,0.735917,0.0281395,0.61294,0.0215771,0.533351,0.0179494
3.36426,0.737588,0.0283292,0.614239,0.0217095,0.534422,0.0180475
3.38452,0.739274,0.0285204,0.615554,0.0218433,0.535505,0.0181467
3.4049,0.740979,0.0287134,0.616883,0.0219783,0.536603,0.0182471
3.4254,0.742701,0.0289079,0.618227,0.0221147,0.537713,0.0183485
3.44603,0.744438,0.0291041,0.619586,0.0222525,0.538837,0.0184512
3.46678,0.746194,0.029302,0.62096,0.0223915,0.539975,0.018555
3.48766,0.747966,0.0295015,0.622349,0.022532,0.541125,0.0186599
3.50866,0.749754,0.0297027,0.623752,0.0226738,0.542289,0.018766
3.52978,0.75156,0.0299056,0.625169,0.022817,0.543465,0.0188733
3.55104,0.75338,0.0301102,0.626601,0.0229615,0.544654,0.0189818
3.57242,0.755219,0.0303165,0.628048,0.0231075,0.545857,0.0190914
3.59393,0.757073,0.0305245,0.629509,0.0232548,0.547073,0.0192022
3.61557,0.758943,0.0307342,0.630983,0.0234036,0.548301,0.0193143
3.63734,0.76083,0.0309457,0.632472,0.0235537,0.549541,0.0194275
3.65925,0.762733,0.0311589,0.633975,0.0237053,0.550794,0.019542
3.68128,0.76465,0.0313739,0.635492,0.0238583,0.55206,0.0196576
3.70345,0.766585,0.0315906,0.637022,0.0240128,0.553339,0.0197745
3.72575,0.768535,0.0318091,0.638567,0.0241686,0.554629,0.0198927
3.74818,0.770501,0.0320294,0.640125,0.024326,0.555932,0.020012
3.77075,0.772483,0.0322515,0.641697,0.0244848,0.557247,0.0201327
3.79346,0.77448,0.0324754,0.643283,0.024645,0.558575,0.0202545
3.8163,0.776492,0.0327011,0.644882,0.0248068,0.559915,0.0203777
3.83928,0.778521,0.0329286,0.646495,0.02497,0.561267,0.0205021
3.8624,0.780564,0.033158,0.648121,0.0251347,0.562631,0.0206278
3.88566,0.782622,0.0333892,0.64976,0.0253009,0.564007,0.0207548
3.90905,0.784698,0.0336222,0.651414,0.0254686,0.565395,0.020883
3.93259,0.786785,0.0338572,0.65308,0.0256378,0.566795,0.0210126
3.95627,0.78889,0.034094,0.654758,0.0258086,0.568206,0.0211435
3.9801,0.79101,0.0343326,0.656451,0.0259809,0.56963,0.0212756
4.00406,0.793143,0.0345732,0.658156,0.0261547,0.571065,0.0214091
4.02817,0.795293,0.0348157,0.659875,0.0263301,0.572512,0.021544
4.05243,0.797458,0.0350601,0.661606,0.0265071,0.57397,0.0216802
4.07683,0.799636,0.0353065,0.66335,0.0266856,0.57544,0.0218177
4.10138,0.801829,0.0355547,0.665107,0.0268657,0.576922,0.0219565
4.12608,0.804038,0.035805,0.666877,0.0270474,0.578414,0.0220968
4.15092,0.806261,0.0360571,0.668659,0.0272306,0.579919,0.0222384
4.17592,0.808497,0.0363113,0.670454,0.0274155,0.581435,0.0223813
4.20106,0.81075,0.0365674,0.672263,0.027602,0.582961,0.0225257
4.22636,0.813017,0.0368256,0.674083,0.0277901,0.5845,0.0226714
4.25181,0.815296,0.0370857,0.675915,0.0279799,0.58605,0.0228186
4.27741,0.817592,0.0373479,0.677761,0.0281713,0.58761,0.0229671
4.30317,0.819902,0.037612,0.679619,0.0283643,0.589182,0.0231171
4.32908,0.822225,0.0378783,0.681488,0.028559,0.590765,0.0232685
4.35515,0.824563,0.0381465,0.68337,0.0287554,0.592359,0.0234213
4.38137,0.826916,0.0384169,0.685266,0.0289534,0.593964,0.0235756
4.40775,0.829282,0.0386892,0.687173,0.0291531,0.59558,0.0237313
4.43429,0.831662,0.0389637,0.689091,0.0293546,0.597206,0.0238884
4.461,0.834055,0.0392403,0.691023,0.0295577,0.598844,0.0240471
4.48786,0.836465,0.039519,0.692966,0.0297625,0.600492,0.0242071
4.51488,0.838885,0.0397997,0.694921,0.0299691,0.602152,0.0243687
4.54207,0.841321,0.0400826,0.696889,0.0301774,0.603822,0.0245318
4.56942,0.843776,0.0403677,0.698869,0.0303874,0.605503,0.0246963
4.59693,0.846233,0.0406549,0.70086,0.0305992,0.607193,0.0248624
4.62461,0.848715,0.0409442,0.702861,0.0308127,0.608895,0.0250299
4.65246,0.851204,0.0412358,0.704876,0.031028,0.610608,0.025199
4.68048,0.853706,0.0415295,0.706906,0.0312451,0.612332,0.0253696
4.70866,0.856236,0.0418254,0.708946,0.031464,0.614067,0.0255417
4.73701,0.858755,0.0421235,0.710993,0.0316846,0.615809,0.0257154
4.76554,0.861304,0.0424238,0.713053,0.0319071,0.617562,0.0258906
4.79423,0.863868,0.0427264,0.71513,0.0321314,0.619327,0.0260674
4.8231,0.866435,0.0430312,0.717215,0.0323575,0.621104,0.0262458
4.85214,0.869026,0.0433382,0.719311,0.0325854,0.622891,0.0264257
4.88136,0.871624,0.0436475,0.721423,0.0328152,0.624687,0.0266072
4.91075,0.874239,0.0439591,0.723542,0.0330469,0.626493,0.0267904
4.94032,0.876862,0.044273,0.725671,0.0332804,0.62831,0.0269751
4.97007,0.879507,0.0445891,0.727817,0.0335157,0.630137,0.0271614
5,0.882158,0.0449076,0.729972,0.033753,0.631974,0.0273493
